{"stats":{"minecraft:broken":{"minecraft:golden_boots":1,"minecraft:stone_pickaxe":4,"minecraft:stone_shovel":1,"minecraft:shield":1,"minecraft:iron_axe":3,"minecraft:iron_pickaxe":2},"minecraft:crafted":{"minecraft:oak_planks":696,"minecraft:cobblestone_slab":6,"minecraft:barrel":3,"minecraft:stone":256,"minecraft:cooked_mutton":2,"minecraft:glass":70,"minecraft:stone_brick_slab":132,"minecraft:iron_boots":1,"minecraft:chest":15,"minecraft:stone_hoe":1,"minecraft:stone_bricks":236,"minecraft:oak_fence":3,"minecraft:golden_boots":2,"minecraft:oak_slab":84,"minecraft:cooked_porkchop":2,"minecraft:crafting_table":4,"minecraft:spruce_planks":944,"minecraft:wooden_pickaxe":1,"minecraft:iron_helmet":1,"minecraft:smithing_table":1,"minecraft:oak_wood":30,"minecraft:campfire":18,"minecraft:stone_brick_stairs":100,"minecraft:spruce_trapdoor":74,"minecraft:iron_chestplate":2,"minecraft:diamond_pickaxe":1,"minecraft:charcoal":2,"minecraft:shield":4,"minecraft:stick":148,"minecraft:iron_ingot":40,"minecraft:iron_pickaxe":3,"minecraft:iron_block":3,"minecraft:gold_ingot":1,"minecraft:shears":1,"minecraft:oak_door":3,"minecraft:stone_shovel":1,"minecraft:furnace":7,"minecraft:glass_pane":112,"minecraft:spruce_stairs":196,"minecraft:iron_axe":6,"minecraft:ladder":6,"minecraft:spruce_slab":174,"minecraft:stone_pickaxe":8,"minecraft:cobblestone_wall":24,"minecraft:cooked_beef":18,"minecraft:diamond_sword":1,"minecraft:iron_sword":2,"minecraft:bucket":1,"minecraft:stone_axe":2,"minecraft:air":0,"minecraft:oak_boat":2,"minecraft:oak_stairs":44,"minecraft:iron_shovel":2,"minecraft:iron_leggings":1,"minecraft:stonecutter":1,"minecraft:anvil":1,"minecraft:white_bed":1,"minecraft:torch":64},"minecraft:dropped":{"minecraft:iron_sword":2,"minecraft:glow_ink_sac":1,"minecraft:diamond":1,"minecraft:crafting_table":1,"minecraft:cooked_porkchop":1,"minecraft:coast_armor_trim_smithing_template":1,"minecraft:sand":15,"minecraft:iron_pickaxe":1,"minecraft:white_wool":2,"minecraft:bone":1,"minecraft:stone_axe":3,"minecraft:spyglass":1,"minecraft:iron_nugget":4,"minecraft:rotten_flesh":15,"minecraft:oak_planks":2,"minecraft:cooked_mutton":1,"minecraft:white_bed":1,"minecraft:arrow":1,"minecraft:stone_brick_stairs":2,"minecraft:golden_boots":2,"minecraft:stone_hoe":1,"minecraft:bread":8,"minecraft:wheat_seeds":50,"minecraft:oak_fence":2,"minecraft:cobblestone":7,"minecraft:granite":1,"minecraft:gray_wool":1,"minecraft:diorite":8,"minecraft:ink_sac":1,"minecraft:wooden_hoe":2,"minecraft:wooden_axe":1,"minecraft:string":1,"minecraft:smooth_basalt":1,"minecraft:furnace":1,"minecraft:raw_copper":118,"minecraft:tuff":4,"minecraft:stone_shovel":1,"minecraft:pumpkin_seeds":6,"minecraft:filled_map":1,"minecraft:cobblestone_slab":3,"minecraft:shield":3,"minecraft:andesite":2,"minecraft:oak_sapling":2,"minecraft:oak_boat":2,"minecraft:stone_pickaxe":5,"minecraft:wooden_pickaxe":1},"minecraft:used":{"minecraft:iron_shovel":219,"minecraft:spruce_slab":183,"minecraft:poppy":2,"minecraft:ladder":9,"minecraft:chest":15,"minecraft:shield":64,"minecraft:iron_sword":106,"minecraft:bell":3,"minecraft:spruce_leaves":25,"minecraft:carrot":7,"minecraft:tuff":2,"minecraft:azure_bluet":1,"minecraft:glass":5,"minecraft:lantern":4,"minecraft:stone_brick_stairs":60,"minecraft:stone_bricks":19,"minecraft:furnace":11,"minecraft:oak_sapling":45,"minecraft:egg":149,"minecraft:potato":47,"minecraft:oak_chest_boat":1,"minecraft:golden_boots":1,"minecraft:stone_pickaxe":665,"minecraft:oak_planks":296,"minecraft:wooden_pickaxe":34,"minecraft:blue_bed":24,"minecraft:sugar_cane":44,"minecraft:oak_leaves":31,"minecraft:glow_berries":1,"minecraft:sand":8,"minecraft:shears":125,"minecraft:bread":74,"minecraft:diamond_sword":9,"minecraft:smithing_table":1,"minecraft:andesite":1,"minecraft:oak_boat":2,"minecraft:oak_fence":15,"minecraft:stone_shovel":146,"minecraft:spruce_planks":176,"minecraft:stone_hoe":81,"minecraft:cooked_chicken":1,"minecraft:netherrack":18,"minecraft:oak_door":7,"minecraft:torch":95,"minecraft:brewing_stand":3,"minecraft:dirt":139,"minecraft:spyglass":13,"minecraft:anvil":1,"minecraft:spruce_stairs":238,"minecraft:cobblestone_wall":32,"minecraft:oak_wood":31,"minecraft:granite":6,"minecraft:stone_brick_slab":79,"minecraft:iron_axe":1082,"minecraft:oak_stairs":40,"minecraft:barrel":3,"minecraft:cooked_beef":9,"minecraft:cobbled_deepslate":3,"minecraft:wheat_seeds":39,"minecraft:cooked_mutton":5,"minecraft:water_bucket":60,"minecraft:cobblestone_stairs":3,"minecraft:stonecutter":1,"minecraft:cobblestone_slab":7,"minecraft:oak_slab":71,"minecraft:crafting_table":11,"minecraft:white_bed":7,"minecraft:campfire":25,"minecraft:spruce_log":6,"minecraft:oak_log":141,"minecraft:diamond_pickaxe":634,"minecraft:cornflower":1,"minecraft:apple":4,"minecraft:iron_pickaxe":500,"minecraft:spruce_trapdoor":87,"minecraft:spruce_sapling":19,"minecraft:stone_axe":235,"minecraft:cobblestone":284,"minecraft:cooked_porkchop":10,"minecraft:white_banner":2,"minecraft:porkchop":1,"minecraft:bucket":61,"minecraft:glass_pane":71,"minecraft:yellow_bed":1,"minecraft:dandelion":2},"minecraft:picked_up":{"minecraft:wooden_axe":1,"minecraft:iron_chestplate":2,"minecraft:wheat":52,"minecraft:oak_stairs":14,"minecraft:stone_brick_stairs":7,"minecraft:brewing_stand":3,"minecraft:amethyst_block":30,"minecraft:soul_soil":5,"minecraft:string":1,"minecraft:raw_copper":181,"minecraft:iron_leggings":2,"minecraft:cobbled_deepslate":411,"minecraft:spruce_planks":88,"minecraft:cobblestone_slab":17,"minecraft:calcite":8,"minecraft:iron_pickaxe":2,"minecraft:furnace":7,"minecraft:stick":203,"minecraft:oak_fence":33,"minecraft:torch":64,"minecraft:spruce_stairs":57,"minecraft:porkchop":43,"minecraft:diorite":58,"minecraft:rotten_flesh":29,"minecraft:obsidian":14,"minecraft:cobblestone":920,"minecraft:feather":2,"minecraft:water_bucket":3,"minecraft:andesite":41,"minecraft:potato":83,"minecraft:flint":1,"minecraft:tuff":12,"minecraft:lantern":4,"minecraft:dirt":322,"minecraft:lapis_lazuli":79,"minecraft:bone":19,"minecraft:bow":2,"minecraft:wheat_seeds":158,"minecraft:raw_gold":55,"minecraft:bell":2,"minecraft:glowstone_dust":56,"minecraft:oak_planks":126,"minecraft:cooked_porkchop":8,"minecraft:sand":183,"minecraft:stripped_spruce_log":1,"minecraft:ink_sac":1,"minecraft:diamond":46,"minecraft:granite":27,"minecraft:bone_meal":2,"minecraft:bread":58,"minecraft:oak_sapling":167,"minecraft:netherrack":51,"minecraft:oak_leaves":61,"minecraft:diamond_pickaxe":2,"minecraft:spruce_leaves":59,"minecraft:charcoal":1,"minecraft:crafting_table":11,"minecraft:azure_bluet":1,"minecraft:ominous_bottle":1,"minecraft:chicken":1,"minecraft:ladder":3,"minecraft:chest_minecart":2,"minecraft:shield":4,"minecraft:cornflower":1,"minecraft:iron_axe":2,"minecraft:beef":27,"minecraft:oak_boat":2,"minecraft:iron_nugget":4,"minecraft:poppy":8,"minecraft:spruce_slab":43,"minecraft:sugar_cane":93,"minecraft:chest":3,"minecraft:spruce_trapdoor":17,"minecraft:egg":151,"minecraft:raw_iron":276,"minecraft:oak_door":4,"minecraft:carrot":7,"minecraft:redstone":241,"minecraft:arrow":21,"minecraft:stone_shovel":1,"minecraft:oak_chest_boat":1,"minecraft:glow_berries":1,"minecraft:mutton":7,"minecraft:rail":267,"minecraft:white_wool":11,"minecraft:basalt":2,"minecraft:crimson_stem":5,"minecraft:glow_ink_sac":2,"minecraft:salmon":8,"minecraft:leather":15,"minecraft:oak_log":589,"minecraft:nether_wart_block":2,"minecraft:gunpowder":8,"minecraft:yellow_bed":1,"minecraft:golden_boots":3,"minecraft:cobblestone_wall":14,"minecraft:cobblestone_stairs":10,"minecraft:blue_bed":27,"minecraft:wooden_hoe":2,"minecraft:paper":4,"minecraft:white_banner":2,"minecraft:cooked_mutton":5,"minecraft:apple":17,"minecraft:stone_bricks":25,"minecraft:stone_pickaxe":4,"minecraft:oak_fence_gate":1,"minecraft:iron_ingot":106,"minecraft:cooked_chicken":1,"minecraft:soul_sand":16,"minecraft:iron_sword":3,"minecraft:oak_slab":63,"minecraft:smooth_basalt":1,"minecraft:pumpkin":16,"minecraft:stone_brick_slab":6,"minecraft:quartz":48,"minecraft:dandelion":5,"minecraft:spyglass":3,"minecraft:gravel":50,"minecraft:spruce_sapling":62,"minecraft:white_bed":7,"minecraft:spruce_log":199,"minecraft:oak_wood":2,"minecraft:pumpkin_seeds":6,"minecraft:stone_axe":2,"minecraft:iron_helmet":2,"minecraft:gray_wool":1,"minecraft:coal":110},"minecraft:killed":{"minecraft:skeleton":13,"minecraft:chicken":1,"minecraft:pig":21,"minecraft:zombie_villager":1,"minecraft:salmon":4,"minecraft:creeper":2,"minecraft:sheep":4,"minecraft:pillager":1,"minecraft:zombie":17,"minecraft:cow":15,"minecraft:enderman":1},"minecraft:custom":{"minecraft:animals_bred":3,"minecraft:interact_with_crafting_table":130,"minecraft:open_barrel":42,"minecraft:bell_ring":31,"minecraft:leave_game":11,"minecraft:time_since_death":61351,"minecraft:sprint_one_cm":1404175,"minecraft:damage_blocked_by_shield":4080,"minecraft:drop":194,"minecraft:talked_to_villager":1,"minecraft:play_time":490523,"minecraft:deaths":4,"minecraft:jump":8086,"minecraft:walk_on_water_one_cm":34757,"minecraft:interact_with_furnace":136,"minecraft:sleep_in_bed":20,"minecraft:damage_dealt":12606,"minecraft:crouch_one_cm":237426,"minecraft:interact_with_smoker":10,"minecraft:interact_with_smithing_table":12,"minecraft:mob_kills":87,"minecraft:interact_with_campfire":12,"minecraft:climb_one_cm":9716,"minecraft:walk_one_cm":1438198,"minecraft:sneak_time":78094,"minecraft:walk_under_water_one_cm":24397,"minecraft:boat_one_cm":141662,"minecraft:interact_with_blast_furnace":19,"minecraft:total_world_time":490523,"minecraft:interact_with_stonecutter":3,"minecraft:time_since_rest":29959,"minecraft:damage_taken":4813,"minecraft:swim_one_cm":50261,"minecraft:fly_one_cm":1740293,"minecraft:open_chest":462,"minecraft:fall_one_cm":166318},"minecraft:mined":{"minecraft:spruce_planks":26,"minecraft:white_bed":6,"minecraft:oak_sapling":1,"minecraft:cobblestone_stairs":8,"minecraft:brewing_stand":3,"minecraft:obsidian":15,"minecraft:cave_vines_plant":3,"minecraft:spruce_trapdoor":15,"minecraft:granite":21,"minecraft:grass_block":127,"minecraft:soul_soil":5,"minecraft:glowstone":17,"minecraft:fire":16,"minecraft:iron_ore":141,"minecraft:cobbled_deepslate":1,"minecraft:pumpkin":16,"minecraft:deepslate_lapis_ore":4,"minecraft:azure_bluet":1,"minecraft:cave_vines":3,"minecraft:oak_stairs":14,"minecraft:spruce_slab":31,"minecraft:deepslate_redstone_ore":29,"minecraft:smoker":1,"minecraft:powder_snow":37,"minecraft:torch":23,"minecraft:calcite":8,"minecraft:poppy":8,"minecraft:chest":3,"minecraft:nether_quartz_ore":48,"minecraft:glass":1,"minecraft:cobblestone":121,"minecraft:sugar_cane":21,"minecraft:oak_planks":62,"minecraft:wall_torch":22,"minecraft:amethyst_block":15,"minecraft:nether_wart_block":2,"minecraft:wheat":54,"minecraft:stone_brick_stairs":5,"minecraft:oak_log":558,"minecraft:sand":153,"minecraft:dirt":136,"minecraft:smooth_basalt":1,"minecraft:netherrack":43,"minecraft:oak_leaves":191,"minecraft:deepslate":217,"minecraft:tuff":7,"minecraft:deepslate_diamond_ore":28,"minecraft:oak_door":3,"minecraft:spruce_leaves":160,"minecraft:crimson_stem":5,"minecraft:redstone_ore":7,"minecraft:furnace":6,"minecraft:carrots":2,"minecraft:andesite":40,"minecraft:stripped_spruce_log":1,"minecraft:bell":2,"minecraft:potatoes":28,"minecraft:cobblestone_slab":16,"minecraft:deepslate_iron_ore":60,"minecraft:rail":134,"minecraft:lantern":2,"minecraft:stone":595,"minecraft:oak_slab":59,"minecraft:glass_pane":10,"minecraft:soul_sand":16,"minecraft:basalt":2,"minecraft:stone_brick_slab":6,"minecraft:dandelion":3,"minecraft:oak_fence":26,"minecraft:crafting_table":9,"minecraft:cornflower":1,"minecraft:short_grass":33,"minecraft:oak_wood":2,"minecraft:tall_grass":6,"minecraft:copper_ore":18,"minecraft:deepslate_coal_ore":1,"minecraft:lapis_ore":4,"minecraft:deepslate_gold_ore":29,"minecraft:diorite":39,"minecraft:blue_bed":26,"minecraft:spruce_stairs":54,"minecraft:cobblestone_wall":13,"minecraft:ice":7,"minecraft:spruce_log":191,"minecraft:birch_leaves":2,"minecraft:white_wall_banner":1,"minecraft:coal_ore":83,"minecraft:gravel":12,"minecraft:stone_bricks":8,"minecraft:gold_ore":4},"minecraft:killed_by":{"minecraft:creeper":1,"minecraft:player":1}},"DataVersion":3953}