{"stats":{"minecraft:broken":{"minecraft:stone_pickaxe":1,"minecraft:stone_shovel":1},"minecraft:picked_up":{"minecraft:wooden_axe":1,"minecraft:charcoal":1,"minecraft:crafting_table":6,"minecraft:azure_bluet":1,"minecraft:oak_stairs":2,"minecraft:shield":1,"minecraft:cornflower":1,"minecraft:spruce_planks":1,"minecraft:oak_boat":1,"minecraft:poppy":1,"minecraft:iron_pickaxe":1,"minecraft:sugar_cane":93,"minecraft:egg":10,"minecraft:furnace":3,"minecraft:stick":82,"minecraft:raw_iron":12,"minecraft:oak_door":3,"minecraft:oak_fence":12,"minecraft:torch":12,"minecraft:porkchop":15,"minecraft:rotten_flesh":6,"minecraft:mutton":7,"minecraft:white_wool":7,"minecraft:cobblestone":405,"minecraft:salmon":8,"minecraft:water_bucket":1,"minecraft:andesite":9,"minecraft:oak_log":231,"minecraft:cobblestone_stairs":2,"minecraft:cobblestone_wall":1,"minecraft:blue_bed":15,"minecraft:wooden_hoe":2,"minecraft:dirt":215,"minecraft:cooked_mutton":4,"minecraft:apple":6,"minecraft:wheat_seeds":8,"minecraft:stone_pickaxe":3,"minecraft:cooked_chicken":1,"minecraft:oak_planks":70,"minecraft:cooked_porkchop":8,"minecraft:dandelion":2,"minecraft:sand":32,"minecraft:spruce_sapling":2,"minecraft:white_bed":2,"minecraft:spruce_log":14,"minecraft:oak_wood":1,"minecraft:stone_axe":2,"minecraft:bone_meal":2,"minecraft:gray_wool":1,"minecraft:bread":15,"minecraft:oak_sapling":70,"minecraft:coal":17},"minecraft:crafted":{"minecraft:oak_door":3,"minecraft:oak_planks":472,"minecraft:cobblestone_slab":6,"minecraft:stone_shovel":1,"minecraft:furnace":2,"minecraft:cooked_mutton":2,"minecraft:glass_pane":32,"minecraft:glass":32,"minecraft:iron_axe":1,"minecraft:stone_pickaxe":2,"minecraft:cobblestone_wall":6,"minecraft:chest":3,"minecraft:stone_hoe":1,"minecraft:oak_fence":3,"minecraft:cooked_porkchop":2,"minecraft:crafting_table":1,"minecraft:spruce_planks":16,"minecraft:wooden_pickaxe":1,"minecraft:bucket":1,"minecraft:oak_wood":30,"minecraft:campfire":1,"minecraft:stone_axe":2,"minecraft:air":0,"minecraft:oak_boat":2,"minecraft:charcoal":2,"minecraft:shield":2,"minecraft:stick":20,"minecraft:iron_ingot":6,"minecraft:iron_pickaxe":1,"minecraft:oak_stairs":4,"minecraft:white_bed":1,"minecraft:torch":4},"minecraft:killed_by":{"minecraft:creeper":1},"minecraft:mined":{"minecraft:spruce_planks":1,"minecraft:white_bed":2,"minecraft:oak_sapling":1,"minecraft:oak_door":3,"minecraft:grass_block":112,"minecraft:spruce_leaves":2,"minecraft:furnace":3,"minecraft:iron_ore":9,"minecraft:andesite":9,"minecraft:azure_bluet":1,"minecraft:oak_stairs":2,"minecraft:stone":170,"minecraft:glass_pane":2,"minecraft:smoker":1,"minecraft:dandelion":1,"minecraft:powder_snow":37,"minecraft:crafting_table":5,"minecraft:oak_fence":3,"minecraft:cornflower":1,"minecraft:torch":1,"minecraft:short_grass":18,"minecraft:oak_wood":1,"minecraft:poppy":1,"minecraft:tall_grass":2,"minecraft:cobblestone":90,"minecraft:sugar_cane":21,"minecraft:oak_planks":4,"minecraft:blue_bed":13,"minecraft:wall_torch":7,"minecraft:cobblestone_wall":1,"minecraft:ice":7,"minecraft:spruce_log":7,"minecraft:birch_leaves":1,"minecraft:oak_log":231,"minecraft:coal_ore":17,"minecraft:sand":32,"minecraft:dirt":54,"minecraft:oak_leaves":56},"minecraft:killed":{"minecraft:pig":6,"minecraft:salmon":4,"minecraft:sheep":4},"minecraft:custom":{"minecraft:mob_kills":14,"minecraft:interact_with_crafting_table":34,"minecraft:interact_with_campfire":12,"minecraft:leave_game":5,"minecraft:time_since_death":6654,"minecraft:sprint_one_cm":371201,"minecraft:walk_one_cm":373033,"minecraft:drop":22,"minecraft:play_time":130718,"minecraft:deaths":2,"minecraft:sneak_time":14268,"minecraft:walk_under_water_one_cm":10021,"minecraft:boat_one_cm":114553,"minecraft:jump":2521,"minecraft:interact_with_blast_furnace":6,"minecraft:walk_on_water_one_cm":2874,"minecraft:total_world_time":130718,"minecraft:interact_with_furnace":26,"minecraft:sleep_in_bed":9,"minecraft:time_since_rest":6975,"minecraft:damage_taken":1434,"minecraft:damage_dealt":1992,"minecraft:swim_one_cm":15106,"minecraft:fly_one_cm":613284,"minecraft:open_chest":35,"minecraft:crouch_one_cm":45351,"minecraft:interact_with_smoker":1,"minecraft:fall_one_cm":50679},"minecraft:used":{"minecraft:oak_fence":6,"minecraft:stone_shovel":131,"minecraft:poppy":1,"minecraft:chest":3,"minecraft:spruce_planks":1,"minecraft:stone_hoe":81,"minecraft:cooked_chicken":1,"minecraft:oak_door":6,"minecraft:torch":10,"minecraft:dirt":84,"minecraft:cobblestone_wall":3,"minecraft:oak_wood":30,"minecraft:azure_bluet":1,"minecraft:glass":4,"minecraft:iron_axe":64,"minecraft:oak_stairs":2,"minecraft:oak_sapling":45,"minecraft:furnace":5,"minecraft:egg":10,"minecraft:potato":8,"minecraft:cooked_mutton":4,"minecraft:water_bucket":2,"minecraft:stone_pickaxe":238,"minecraft:oak_planks":106,"minecraft:wooden_pickaxe":34,"minecraft:cobblestone_slab":4,"minecraft:blue_bed":14,"minecraft:sugar_cane":44,"minecraft:crafting_table":6,"minecraft:white_bed":3,"minecraft:campfire":1,"minecraft:oak_log":66,"minecraft:cornflower":1,"minecraft:bread":4,"minecraft:iron_pickaxe":38,"minecraft:spruce_sapling":1,"minecraft:stone_axe":235,"minecraft:cobblestone":239,"minecraft:porkchop":1,"minecraft:cooked_porkchop":10,"minecraft:bucket":3,"minecraft:glass_pane":20,"minecraft:oak_boat":2,"minecraft:dandelion":2},"minecraft:dropped":{"minecraft:wheat_seeds":7,"minecraft:cooked_porkchop":1,"minecraft:cobblestone":2,"minecraft:gray_wool":1,"minecraft:white_wool":2,"minecraft:stone_axe":2,"minecraft:rotten_flesh":6,"minecraft:cooked_mutton":1,"minecraft:shield":1,"minecraft:oak_boat":1,"minecraft:oak_sapling":2,"minecraft:wooden_pickaxe":1}},"DataVersion":3953}