{"stats":{"minecraft:custom":{"minecraft:interact_with_crafting_table":106,"minecraft:open_barrel":21,"minecraft:leave_game":10,"minecraft:time_since_death":83058,"minecraft:sprint_one_cm":1064079,"minecraft:damage_blocked_by_shield":2361,"minecraft:drop":167,"minecraft:talked_to_villager":1,"minecraft:play_time":385670,"minecraft:deaths":3,"minecraft:jump":6263,"minecraft:walk_on_water_one_cm":21549,"minecraft:interact_with_furnace":117,"minecraft:sleep_in_bed":18,"minecraft:damage_dealt":10379,"minecraft:crouch_one_cm":180659,"minecraft:interact_with_smoker":7,"minecraft:interact_with_smithing_table":9,"minecraft:mob_kills":74,"minecraft:interact_with_campfire":12,"minecraft:climb_one_cm":5619,"minecraft:walk_one_cm":1117514,"minecraft:sneak_time":56197,"minecraft:walk_under_water_one_cm":18137,"minecraft:boat_one_cm":141662,"minecraft:interact_with_blast_furnace":17,"minecraft:total_world_time":385670,"minecraft:interact_with_stonecutter":3,"minecraft:time_since_rest":141,"minecraft:damage_taken":3405,"minecraft:swim_one_cm":44321,"minecraft:fly_one_cm":1412983,"minecraft:open_chest":368,"minecraft:fall_one_cm":128670},"minecraft:crafted":{"minecraft:oak_planks":684,"minecraft:cobblestone_slab":6,"minecraft:barrel":3,"minecraft:stone":256,"minecraft:cooked_mutton":2,"minecraft:glass":70,"minecraft:stone_brick_slab":132,"minecraft:chest":15,"minecraft:stone_hoe":1,"minecraft:stone_bricks":236,"minecraft:oak_fence":3,"minecraft:oak_slab":84,"minecraft:cooked_porkchop":2,"minecraft:crafting_table":3,"minecraft:spruce_planks":944,"minecraft:wooden_pickaxe":1,"minecraft:iron_helmet":1,"minecraft:smithing_table":1,"minecraft:oak_wood":30,"minecraft:campfire":1,"minecraft:stone_brick_stairs":100,"minecraft:spruce_trapdoor":74,"minecraft:iron_chestplate":2,"minecraft:charcoal":2,"minecraft:diamond_pickaxe":1,"minecraft:shield":3,"minecraft:stick":20,"minecraft:iron_ingot":24,"minecraft:iron_pickaxe":2,"minecraft:iron_block":3,"minecraft:oak_door":3,"minecraft:stone_shovel":1,"minecraft:furnace":6,"minecraft:glass_pane":112,"minecraft:spruce_stairs":196,"minecraft:iron_axe":4,"minecraft:ladder":6,"minecraft:spruce_slab":174,"minecraft:stone_pickaxe":8,"minecraft:cobblestone_wall":24,"minecraft:iron_sword":1,"minecraft:bucket":1,"minecraft:stone_axe":2,"minecraft:air":0,"minecraft:oak_boat":2,"minecraft:oak_stairs":44,"minecraft:iron_shovel":1,"minecraft:iron_leggings":1,"minecraft:stonecutter":1,"minecraft:anvil":1,"minecraft:white_bed":1,"minecraft:torch":24},"minecraft:mined":{"minecraft:spruce_planks":26,"minecraft:white_bed":6,"minecraft:oak_sapling":1,"minecraft:cobblestone_stairs":8,"minecraft:brewing_stand":3,"minecraft:spruce_trapdoor":13,"minecraft:grass_block":124,"minecraft:iron_ore":60,"minecraft:cobbled_deepslate":1,"minecraft:pumpkin":16,"minecraft:deepslate_lapis_ore":4,"minecraft:azure_bluet":1,"minecraft:oak_stairs":14,"minecraft:spruce_slab":24,"minecraft:deepslate_redstone_ore":9,"minecraft:smoker":1,"minecraft:powder_snow":37,"minecraft:torch":21,"minecraft:calcite":8,"minecraft:poppy":7,"minecraft:chest":3,"minecraft:glass":1,"minecraft:cobblestone":119,"minecraft:oak_planks":61,"minecraft:sugar_cane":21,"minecraft:wall_torch":19,"minecraft:stone_brick_stairs":5,"minecraft:oak_log":325,"minecraft:sand":153,"minecraft:dirt":98,"minecraft:smooth_basalt":1,"minecraft:oak_leaves":85,"minecraft:deepslate":81,"minecraft:tuff":4,"minecraft:deepslate_diamond_ore":14,"minecraft:oak_door":3,"minecraft:spruce_leaves":97,"minecraft:redstone_ore":3,"minecraft:furnace":5,"minecraft:andesite":38,"minecraft:stripped_spruce_log":1,"minecraft:bell":2,"minecraft:cobblestone_slab":16,"minecraft:deepslate_iron_ore":49,"minecraft:lantern":2,"minecraft:stone":480,"minecraft:oak_slab":59,"minecraft:glass_pane":10,"minecraft:stone_brick_slab":6,"minecraft:dandelion":3,"minecraft:oak_fence":21,"minecraft:crafting_table":8,"minecraft:cornflower":1,"minecraft:short_grass":32,"minecraft:oak_wood":2,"minecraft:tall_grass":6,"minecraft:copper_ore":18,"minecraft:lapis_ore":4,"minecraft:deepslate_gold_ore":14,"minecraft:diorite":1,"minecraft:blue_bed":23,"minecraft:spruce_stairs":54,"minecraft:cobblestone_wall":10,"minecraft:ice":7,"minecraft:spruce_log":191,"minecraft:birch_leaves":1,"minecraft:coal_ore":44,"minecraft:gravel":5,"minecraft:stone_bricks":8},"minecraft:killed":{"minecraft:skeleton":8,"minecraft:chicken":1,"minecraft:pig":21,"minecraft:salmon":4,"minecraft:creeper":1,"minecraft:sheep":4,"minecraft:pillager":1,"minecraft:zombie":15,"minecraft:cow":15},"minecraft:dropped":{"minecraft:glow_ink_sac":1,"minecraft:diamond":1,"minecraft:crafting_table":1,"minecraft:cooked_porkchop":1,"minecraft:coast_armor_trim_smithing_template":1,"minecraft:sand":15,"minecraft:white_wool":2,"minecraft:stone_axe":3,"minecraft:spyglass":1,"minecraft:iron_nugget":4,"minecraft:rotten_flesh":13,"minecraft:cooked_mutton":1,"minecraft:white_bed":1,"minecraft:stone_brick_stairs":2,"minecraft:stone_hoe":1,"minecraft:bread":2,"minecraft:wheat_seeds":8,"minecraft:oak_fence":2,"minecraft:cobblestone":7,"minecraft:gray_wool":1,"minecraft:diorite":8,"minecraft:ink_sac":1,"minecraft:wooden_hoe":2,"minecraft:wooden_axe":1,"minecraft:smooth_basalt":1,"minecraft:furnace":1,"minecraft:raw_copper":118,"minecraft:tuff":4,"minecraft:filled_map":1,"minecraft:shield":1,"minecraft:andesite":1,"minecraft:oak_sapling":2,"minecraft:oak_boat":1,"minecraft:stone_pickaxe":5,"minecraft:wooden_pickaxe":1},"minecraft:used":{"minecraft:iron_shovel":145,"minecraft:spruce_slab":181,"minecraft:poppy":1,"minecraft:ladder":9,"minecraft:chest":15,"minecraft:shield":40,"minecraft:iron_sword":77,"minecraft:bell":3,"minecraft:tuff":2,"minecraft:azure_bluet":1,"minecraft:glass":5,"minecraft:lantern":3,"minecraft:stone_brick_stairs":60,"minecraft:stone_bricks":19,"minecraft:furnace":10,"minecraft:oak_sapling":45,"minecraft:egg":137,"minecraft:potato":8,"minecraft:oak_chest_boat":1,"minecraft:golden_boots":1,"minecraft:stone_pickaxe":665,"minecraft:oak_planks":295,"minecraft:wooden_pickaxe":34,"minecraft:blue_bed":21,"minecraft:sugar_cane":44,"minecraft:sand":8,"minecraft:bread":60,"minecraft:smithing_table":1,"minecraft:oak_boat":2,"minecraft:oak_fence":14,"minecraft:stone_shovel":131,"minecraft:spruce_planks":176,"minecraft:stone_hoe":81,"minecraft:cooked_chicken":1,"minecraft:oak_door":7,"minecraft:torch":70,"minecraft:brewing_stand":3,"minecraft:dirt":125,"minecraft:spyglass":3,"minecraft:anvil":1,"minecraft:spruce_stairs":238,"minecraft:cobblestone_wall":22,"minecraft:oak_wood":31,"minecraft:granite":5,"minecraft:stone_brick_slab":79,"minecraft:iron_axe":776,"minecraft:oak_stairs":40,"minecraft:barrel":3,"minecraft:cobbled_deepslate":3,"minecraft:cooked_mutton":4,"minecraft:water_bucket":40,"minecraft:cobblestone_stairs":3,"minecraft:stonecutter":1,"minecraft:cobblestone_slab":7,"minecraft:oak_slab":71,"minecraft:crafting_table":10,"minecraft:campfire":1,"minecraft:white_bed":7,"minecraft:spruce_log":6,"minecraft:oak_log":123,"minecraft:apple":4,"minecraft:cornflower":1,"minecraft:iron_pickaxe":338,"minecraft:spruce_trapdoor":83,"minecraft:spruce_sapling":19,"minecraft:stone_axe":235,"minecraft:cobblestone":272,"minecraft:cooked_porkchop":10,"minecraft:white_banner":1,"minecraft:porkchop":1,"minecraft:bucket":41,"minecraft:glass_pane":71,"minecraft:yellow_bed":1,"minecraft:dandelion":2},"minecraft:broken":{"minecraft:stone_pickaxe":4,"minecraft:stone_shovel":1,"minecraft:shield":1,"minecraft:iron_axe":3,"minecraft:iron_pickaxe":1},"minecraft:killed_by":{"minecraft:creeper":1},"minecraft:picked_up":{"minecraft:wooden_axe":1,"minecraft:iron_chestplate":1,"minecraft:wheat":1,"minecraft:oak_stairs":14,"minecraft:stone_brick_stairs":7,"minecraft:brewing_stand":3,"minecraft:raw_copper":181,"minecraft:iron_leggings":1,"minecraft:cobbled_deepslate":91,"minecraft:spruce_planks":88,"minecraft:cobblestone_slab":14,"minecraft:calcite":8,"minecraft:iron_pickaxe":2,"minecraft:furnace":5,"minecraft:stick":166,"minecraft:oak_fence":28,"minecraft:torch":54,"minecraft:spruce_stairs":57,"minecraft:porkchop":43,"minecraft:diorite":11,"minecraft:rotten_flesh":27,"minecraft:cobblestone":739,"minecraft:feather":2,"minecraft:water_bucket":2,"minecraft:andesite":38,"minecraft:flint":1,"minecraft:tuff":6,"minecraft:dirt":281,"minecraft:lapis_lazuli":50,"minecraft:lantern":3,"minecraft:bone":14,"minecraft:bow":2,"minecraft:wheat_seeds":13,"minecraft:raw_gold":14,"minecraft:bell":2,"minecraft:oak_planks":125,"minecraft:cooked_porkchop":8,"minecraft:sand":183,"minecraft:stripped_spruce_log":1,"minecraft:ink_sac":1,"minecraft:diamond":15,"minecraft:granite":5,"minecraft:bone_meal":2,"minecraft:bread":57,"minecraft:oak_sapling":116,"minecraft:diamond_pickaxe":1,"minecraft:charcoal":1,"minecraft:crafting_table":9,"minecraft:azure_bluet":1,"minecraft:ominous_bottle":1,"minecraft:chicken":1,"minecraft:ladder":3,"minecraft:shield":2,"minecraft:cornflower":1,"minecraft:iron_axe":1,"minecraft:beef":27,"minecraft:oak_boat":1,"minecraft:iron_nugget":4,"minecraft:poppy":7,"minecraft:spruce_slab":36,"minecraft:sugar_cane":93,"minecraft:chest":3,"minecraft:spruce_trapdoor":13,"minecraft:egg":139,"minecraft:raw_iron":118,"minecraft:oak_door":4,"minecraft:redstone":54,"minecraft:arrow":16,"minecraft:oak_chest_boat":1,"minecraft:mutton":7,"minecraft:white_wool":7,"minecraft:glow_ink_sac":2,"minecraft:salmon":8,"minecraft:leather":15,"minecraft:oak_log":324,"minecraft:cobblestone_wall":10,"minecraft:golden_boots":2,"minecraft:yellow_bed":1,"minecraft:gunpowder":4,"minecraft:cobblestone_stairs":10,"minecraft:blue_bed":23,"minecraft:wooden_hoe":2,"minecraft:paper":4,"minecraft:white_banner":1,"minecraft:cooked_mutton":4,"minecraft:apple":10,"minecraft:stone_bricks":25,"minecraft:iron_ingot":106,"minecraft:stone_pickaxe":4,"minecraft:oak_fence_gate":1,"minecraft:cooked_chicken":1,"minecraft:iron_sword":1,"minecraft:oak_slab":63,"minecraft:smooth_basalt":1,"minecraft:pumpkin":16,"minecraft:stone_brick_slab":6,"minecraft:dandelion":5,"minecraft:spyglass":2,"minecraft:gravel":24,"minecraft:spruce_sapling":61,"minecraft:white_bed":7,"minecraft:spruce_log":199,"minecraft:oak_wood":2,"minecraft:stone_axe":2,"minecraft:iron_helmet":1,"minecraft:gray_wool":1,"minecraft:coal":47}},"DataVersion":3953}