{"stats":{"minecraft:picked_up":{"minecraft:wooden_axe":1,"minecraft:charcoal":1,"minecraft:crafting_table":6,"minecraft:azure_bluet":1,"minecraft:ominous_bottle":1,"minecraft:oak_stairs":8,"minecraft:brewing_stand":1,"minecraft:shield":1,"minecraft:cornflower":1,"minecraft:spruce_planks":1,"minecraft:oak_boat":1,"minecraft:cobblestone_slab":5,"minecraft:poppy":1,"minecraft:iron_pickaxe":1,"minecraft:spruce_slab":13,"minecraft:sugar_cane":93,"minecraft:egg":71,"minecraft:furnace":4,"minecraft:stick":128,"minecraft:raw_iron":15,"minecraft:oak_door":3,"minecraft:oak_fence":22,"minecraft:torch":20,"minecraft:porkchop":15,"minecraft:arrow":1,"minecraft:rotten_flesh":13,"minecraft:mutton":7,"minecraft:white_wool":7,"minecraft:cobblestone":543,"minecraft:andesite":37,"minecraft:water_bucket":1,"minecraft:salmon":8,"minecraft:oak_log":324,"minecraft:golden_boots":1,"minecraft:cobblestone_stairs":8,"minecraft:cobblestone_wall":5,"minecraft:blue_bed":17,"minecraft:wooden_hoe":2,"minecraft:dirt":227,"minecraft:cooked_mutton":4,"minecraft:bone":3,"minecraft:apple":10,"minecraft:wheat_seeds":8,"minecraft:bell":1,"minecraft:iron_ingot":37,"minecraft:stone_pickaxe":3,"minecraft:cooked_chicken":1,"minecraft:oak_planks":111,"minecraft:oak_slab":63,"minecraft:cooked_porkchop":8,"minecraft:stone_brick_slab":4,"minecraft:dandelion":2,"minecraft:sand":32,"minecraft:spruce_sapling":11,"minecraft:white_bed":3,"minecraft:spruce_log":55,"minecraft:oak_wood":1,"minecraft:stone_axe":2,"minecraft:bone_meal":2,"minecraft:gray_wool":1,"minecraft:bread":16,"minecraft:oak_sapling":116,"minecraft:coal":41},"minecraft:mined":{"minecraft:spruce_planks":1,"minecraft:white_bed":3,"minecraft:oak_sapling":1,"minecraft:oak_door":3,"minecraft:cobblestone_stairs":6,"minecraft:brewing_stand":1,"minecraft:grass_block":116,"minecraft:spruce_leaves":32,"minecraft:furnace":4,"minecraft:iron_ore":12,"minecraft:andesite":37,"minecraft:azure_bluet":1,"minecraft:bell":1,"minecraft:cobblestone_slab":5,"minecraft:oak_stairs":8,"minecraft:stone":284,"minecraft:spruce_slab":12,"minecraft:oak_slab":59,"minecraft:glass_pane":6,"minecraft:smoker":1,"minecraft:stone_brick_slab":4,"minecraft:dandelion":1,"minecraft:powder_snow":37,"minecraft:oak_fence":13,"minecraft:crafting_table":5,"minecraft:cornflower":1,"minecraft:torch":1,"minecraft:short_grass":21,"minecraft:oak_wood":1,"minecraft:poppy":1,"minecraft:tall_grass":2,"minecraft:cobblestone":114,"minecraft:sugar_cane":21,"minecraft:oak_planks":47,"minecraft:blue_bed":15,"minecraft:wall_torch":13,"minecraft:cobblestone_wall":6,"minecraft:ice":7,"minecraft:spruce_log":48,"minecraft:birch_leaves":1,"minecraft:oak_log":324,"minecraft:coal_ore":41,"minecraft:sand":32,"minecraft:dirt":62,"minecraft:oak_leaves":84},"minecraft:crafted":{"minecraft:oak_door":3,"minecraft:oak_planks":592,"minecraft:cobblestone_slab":6,"minecraft:stone_shovel":1,"minecraft:furnace":5,"minecraft:stone":128,"minecraft:cooked_mutton":2,"minecraft:glass_pane":64,"minecraft:glass":32,"minecraft:stone_brick_slab":132,"minecraft:iron_axe":2,"minecraft:spruce_slab":138,"minecraft:stone_pickaxe":3,"minecraft:cobblestone_wall":24,"minecraft:chest":3,"minecraft:stone_hoe":1,"minecraft:stone_bricks":128,"minecraft:oak_fence":3,"minecraft:oak_slab":84,"minecraft:cooked_porkchop":2,"minecraft:crafting_table":1,"minecraft:spruce_planks":180,"minecraft:wooden_pickaxe":1,"minecraft:bucket":1,"minecraft:oak_wood":30,"minecraft:campfire":1,"minecraft:stone_axe":2,"minecraft:air":0,"minecraft:oak_boat":2,"minecraft:stone_brick_stairs":40,"minecraft:charcoal":2,"minecraft:shield":2,"minecraft:stick":20,"minecraft:iron_ingot":9,"minecraft:iron_pickaxe":1,"minecraft:oak_stairs":44,"minecraft:white_bed":1,"minecraft:torch":24},"minecraft:dropped":{"minecraft:stone_hoe":1,"minecraft:bread":1,"minecraft:wheat_seeds":7,"minecraft:cooked_porkchop":1,"minecraft:cobblestone":2,"minecraft:gray_wool":1,"minecraft:wooden_hoe":2,"minecraft:wooden_axe":1,"minecraft:white_wool":2,"minecraft:stone_axe":3,"minecraft:rotten_flesh":6,"minecraft:cooked_mutton":1,"minecraft:shield":1,"minecraft:oak_boat":1,"minecraft:oak_sapling":2,"minecraft:stone_pickaxe":2,"minecraft:wooden_pickaxe":1},"minecraft:killed_by":{"minecraft:creeper":1},"minecraft:killed":{"minecraft:skeleton":2,"minecraft:pig":6,"minecraft:salmon":4,"minecraft:sheep":4,"minecraft:pillager":1,"minecraft:zombie":2},"minecraft:used":{"minecraft:oak_fence":11,"minecraft:spruce_slab":141,"minecraft:stone_shovel":131,"minecraft:poppy":1,"minecraft:chest":3,"minecraft:spruce_planks":1,"minecraft:shield":10,"minecraft:bell":1,"minecraft:stone_hoe":81,"minecraft:cooked_chicken":1,"minecraft:oak_door":6,"minecraft:torch":34,"minecraft:brewing_stand":1,"minecraft:dirt":84,"minecraft:cobblestone_wall":20,"minecraft:oak_wood":30,"minecraft:azure_bluet":1,"minecraft:glass":4,"minecraft:stone_brick_slab":72,"minecraft:iron_axe":375,"minecraft:oak_stairs":30,"minecraft:oak_sapling":45,"minecraft:furnace":9,"minecraft:egg":71,"minecraft:potato":8,"minecraft:cooked_mutton":4,"minecraft:water_bucket":17,"minecraft:cobblestone_stairs":1,"minecraft:stone_pickaxe":369,"minecraft:oak_planks":295,"minecraft:wooden_pickaxe":34,"minecraft:cobblestone_slab":5,"minecraft:sugar_cane":44,"minecraft:blue_bed":16,"minecraft:oak_slab":71,"minecraft:crafting_table":6,"minecraft:white_bed":4,"minecraft:campfire":1,"minecraft:oak_log":114,"minecraft:cornflower":1,"minecraft:apple":2,"minecraft:bread":19,"minecraft:iron_pickaxe":127,"minecraft:spruce_sapling":12,"minecraft:stone_axe":235,"minecraft:cobblestone":266,"minecraft:porkchop":1,"minecraft:cooked_porkchop":10,"minecraft:bucket":18,"minecraft:glass_pane":38,"minecraft:oak_boat":2,"minecraft:dandelion":2},"minecraft:custom":{"minecraft:mob_kills":19,"minecraft:interact_with_crafting_table":56,"minecraft:interact_with_campfire":12,"minecraft:leave_game":8,"minecraft:time_since_death":90017,"minecraft:sprint_one_cm":601148,"minecraft:walk_one_cm":597165,"minecraft:damage_blocked_by_shield":450,"minecraft:drop":30,"minecraft:play_time":214081,"minecraft:deaths":2,"minecraft:sneak_time":26477,"minecraft:walk_under_water_one_cm":11535,"minecraft:boat_one_cm":114553,"minecraft:jump":3538,"minecraft:interact_with_blast_furnace":11,"minecraft:walk_on_water_one_cm":5130,"minecraft:total_world_time":214081,"minecraft:interact_with_furnace":58,"minecraft:sleep_in_bed":12,"minecraft:time_since_rest":54059,"minecraft:damage_taken":1855,"minecraft:damage_dealt":2964,"minecraft:swim_one_cm":15106,"minecraft:fly_one_cm":810274,"minecraft:open_chest":73,"minecraft:crouch_one_cm":86357,"minecraft:interact_with_smoker":1,"minecraft:fall_one_cm":65476},"minecraft:broken":{"minecraft:stone_pickaxe":2,"minecraft:iron_axe":1,"minecraft:stone_shovel":1}},"DataVersion":3953}