{"stats":{"minecraft:custom":{"minecraft:mob_kills":35,"minecraft:interact_with_crafting_table":22,"minecraft:open_barrel":22,"minecraft:leave_game":3,"minecraft:time_since_death":51755,"minecraft:climb_one_cm":2921,"minecraft:sprint_one_cm":549639,"minecraft:walk_one_cm":321124,"minecraft:drop":21,"minecraft:talked_to_villager":1,"minecraft:play_time":144989,"minecraft:deaths":9,"minecraft:sneak_time":4353,"minecraft:walk_under_water_one_cm":32605,"minecraft:boat_one_cm":532,"minecraft:jump":2681,"minecraft:interact_with_blast_furnace":7,"minecraft:walk_on_water_one_cm":23856,"minecraft:total_world_time":144989,"minecraft:interact_with_furnace":41,"minecraft:sleep_in_bed":6,"minecraft:time_since_rest":318,"minecraft:damage_taken":5226,"minecraft:damage_dealt":4420,"minecraft:swim_one_cm":57798,"minecraft:fly_one_cm":563577,"minecraft:open_chest":73,"minecraft:crouch_one_cm":10906,"minecraft:interact_with_smoker":12,"minecraft:fall_one_cm":79108,"minecraft:horse_one_cm":1464},"minecraft:crafted":{"minecraft:oak_planks":36,"minecraft:iron_nugget":27,"minecraft:cooked_chicken":4,"minecraft:furnace":2,"minecraft:cooked_mutton":11,"minecraft:lantern":3,"minecraft:iron_boots":1,"minecraft:iron_axe":2,"minecraft:stone_pickaxe":1,"minecraft:cooked_beef":14,"minecraft:cooked_porkchop":3,"minecraft:crafting_table":1,"minecraft:wooden_pickaxe":1,"minecraft:iron_helmet":1,"minecraft:blue_bed":1,"minecraft:bucket":2,"minecraft:stone_axe":1,"minecraft:air":0,"minecraft:blue_dye":1,"minecraft:iron_chestplate":2,"minecraft:diamond_pickaxe":1,"minecraft:shield":2,"minecraft:stick":24,"minecraft:iron_ingot":84,"minecraft:iron_pickaxe":2,"minecraft:iron_shovel":1,"minecraft:iron_leggings":1,"minecraft:white_bed":1,"minecraft:torch":16},"minecraft:mined":{"minecraft:tuff":1,"minecraft:spruce_planks":12,"minecraft:white_bed":3,"minecraft:deepslate_diamond_ore":6,"minecraft:granite":5,"minecraft:grass_block":20,"minecraft:furnace":2,"minecraft:carrots":1,"minecraft:iron_ore":35,"minecraft:andesite":7,"minecraft:deepslate_lapis_ore":6,"minecraft:deepslate_iron_ore":27,"minecraft:lantern":2,"minecraft:packed_ice":1,"minecraft:stone":69,"minecraft:white_wool":4,"minecraft:deepslate_redstone_ore":7,"minecraft:crafting_table":7,"minecraft:torch":1,"minecraft:short_grass":14,"minecraft:tall_grass":2,"minecraft:cobblestone":12,"minecraft:oak_planks":5,"minecraft:sugar_cane":6,"minecraft:diorite":5,"minecraft:blue_bed":2,"minecraft:wall_torch":1,"minecraft:spruce_stairs":1,"minecraft:wheat":3,"minecraft:yellow_bed":2,"minecraft:oak_log":67,"minecraft:coal_ore":73,"minecraft:dirt":37,"minecraft:stone_bricks":3,"minecraft:oak_leaves":4,"minecraft:deepslate":13},"minecraft:killed":{"minecraft:spider":4,"minecraft:skeleton":3,"minecraft:chicken":5,"minecraft:drowned":1,"minecraft:pig":2,"minecraft:sheep":9,"minecraft:zombie":4,"minecraft:cow":7},"minecraft:dropped":{"minecraft:iron_ingot":69,"minecraft:wheat_seeds":2,"minecraft:cobblestone":3,"minecraft:spruce_stairs":1,"minecraft:coal":55,"minecraft:iron_nugget":1,"minecraft:rotten_flesh":15,"minecraft:oak_planks":3,"minecraft:yellow_bed":1,"minecraft:oak_boat":2,"minecraft:stone_bricks":6},"minecraft:used":{"minecraft:iron_shovel":30,"minecraft:spruce_planks":6,"minecraft:cooked_chicken":4,"minecraft:torch":9,"minecraft:dirt":7,"minecraft:spyglass":34,"minecraft:spruce_stairs":1,"minecraft:carrot":5,"minecraft:lantern":5,"minecraft:iron_axe":58,"minecraft:stone_bricks":1,"minecraft:furnace":2,"minecraft:egg":47,"minecraft:cooked_beef":1,"minecraft:cobbled_deepslate":3,"minecraft:cooked_mutton":3,"minecraft:water_bucket":18,"minecraft:stone_pickaxe":63,"minecraft:oak_planks":9,"minecraft:wooden_pickaxe":22,"minecraft:blue_bed":8,"minecraft:white_wool":4,"minecraft:crafting_table":4,"minecraft:white_bed":3,"minecraft:diamond_pickaxe":3,"minecraft:apple":3,"minecraft:bread":42,"minecraft:iron_pickaxe":190,"minecraft:stone_axe":103,"minecraft:cobblestone":35,"minecraft:cooked_porkchop":3,"minecraft:bucket":20,"minecraft:andesite":2},"minecraft:killed_by":{"minecraft:iron_golem":1,"minecraft:skeleton":3,"minecraft:zombie":1},"minecraft:picked_up":{"minecraft:iron_chestplate":1,"minecraft:crafting_table":8,"minecraft:wheat":2,"minecraft:ladder":1,"minecraft:chicken":7,"minecraft:shield":1,"minecraft:string":7,"minecraft:iron_axe":2,"minecraft:iron_leggings":1,"minecraft:iron_shovel":1,"minecraft:cobbled_deepslate":15,"minecraft:spruce_planks":12,"minecraft:beef":14,"minecraft:oak_boat":2,"minecraft:cobblestone_slab":6,"minecraft:iron_nugget":2,"minecraft:iron_pickaxe":2,"minecraft:sugar_cane":39,"minecraft:egg":81,"minecraft:iron_boots":1,"minecraft:furnace":3,"minecraft:stick":8,"minecraft:raw_iron":84,"minecraft:torch":9,"minecraft:spruce_stairs":8,"minecraft:porkchop":3,"minecraft:diorite":16,"minecraft:carrot":5,"minecraft:redstone":31,"minecraft:golden_chestplate":2,"minecraft:arrow":4,"minecraft:rotten_flesh":16,"minecraft:mutton":15,"minecraft:white_wool":18,"minecraft:cobblestone":85,"minecraft:feather":13,"minecraft:cooked_beef":26,"minecraft:water_bucket":1,"minecraft:andesite":12,"minecraft:leather":12,"minecraft:tuff":1,"minecraft:oak_log":208,"minecraft:golden_boots":1,"minecraft:yellow_bed":2,"minecraft:cobblestone_wall":6,"minecraft:blue_bed":7,"minecraft:lapis_lazuli":58,"minecraft:dirt":102,"minecraft:lantern":3,"minecraft:cooked_mutton":10,"minecraft:bone":5,"minecraft:stone_bricks":8,"minecraft:wheat_seeds":14,"minecraft:cooked_chicken":2,"minecraft:stone_pickaxe":2,"minecraft:iron_ingot":24,"minecraft:oak_planks":129,"minecraft:cooked_porkchop":6,"minecraft:spyglass":1,"minecraft:white_bed":5,"minecraft:diamond":11,"minecraft:stone_axe":1,"minecraft:iron_helmet":1,"minecraft:granite":10,"minecraft:bread":87,"minecraft:oak_sapling":2,"minecraft:black_wool":2,"minecraft:coal":242}},"DataVersion":3953}