{"stats":{"minecraft:picked_up":{"minecraft:crafting_table":8,"minecraft:wheat":38,"minecraft:ominous_bottle":3,"minecraft:chicken":12,"minecraft:wooden_pickaxe":1,"minecraft:brewing_stand":1,"minecraft:shield":1,"minecraft:raw_copper":44,"minecraft:cooked_salmon":2,"minecraft:wooden_sword":2,"minecraft:flint_and_steel":1,"minecraft:cobbled_deepslate":120,"minecraft:spruce_planks":1,"minecraft:beef":1,"minecraft:oak_boat":4,"minecraft:cobblestone_slab":7,"minecraft:iron_nugget":4,"minecraft:poppy":2,"minecraft:sugar_cane":7,"minecraft:furnace":5,"minecraft:egg":34,"minecraft:stick":81,"minecraft:raw_iron":152,"minecraft:oak_door":4,"minecraft:oak_fence":12,"minecraft:torch":7,"minecraft:porkchop":14,"minecraft:diorite":43,"minecraft:redstone":57,"minecraft:arrow":1,"minecraft:stone_sword":3,"minecraft:rotten_flesh":6,"minecraft:stone_shovel":1,"minecraft:hay_block":83,"minecraft:mutton":6,"minecraft:snowball":24,"minecraft:white_wool":2,"minecraft:cobblestone":408,"minecraft:leather_chestplate":1,"minecraft:feather":9,"minecraft:andesite":2,"minecraft:leather":2,"minecraft:smoker":3,"minecraft:tuff":17,"minecraft:stripped_spruce_wood":2,"minecraft:oak_log":102,"minecraft:cobblestone_stairs":6,"minecraft:golden_boots":1,"minecraft:cobblestone_wall":6,"minecraft:gunpowder":8,"minecraft:lapis_lazuli":138,"minecraft:dirt":65,"minecraft:blue_bed":7,"minecraft:paper":4,"minecraft:lantern":1,"minecraft:white_banner":5,"minecraft:cooked_mutton":4,"minecraft:bone":2,"minecraft:bow":1,"minecraft:wheat_seeds":161,"minecraft:raw_gold":12,"minecraft:stone_pickaxe":2,"minecraft:iron_ingot":5,"minecraft:oak_planks":167,"minecraft:cooked_porkchop":1,"minecraft:dandelion":1,"minecraft:blast_furnace":2,"minecraft:stripped_spruce_log":2,"minecraft:spruce_sapling":2,"minecraft:ink_sac":2,"minecraft:white_bed":1,"minecraft:spruce_log":5,"minecraft:stone_axe":3,"minecraft:crossbow":2,"minecraft:granite":6,"minecraft:gray_wool":1,"minecraft:bread":83,"minecraft:oak_sapling":32,"minecraft:black_wool":1,"minecraft:coal":192},"minecraft:mined":{"minecraft:tuff":17,"minecraft:spruce_planks":1,"minecraft:white_bed":1,"minecraft:oak_door":4,"minecraft:cobblestone_stairs":7,"minecraft:brewing_stand":1,"minecraft:granite":7,"minecraft:grass_block":16,"minecraft:spruce_leaves":2,"minecraft:hay_block":83,"minecraft:redstone_ore":7,"minecraft:furnace":5,"minecraft:iron_ore":135,"minecraft:fire":3,"minecraft:andesite":2,"minecraft:stripped_spruce_log":2,"minecraft:deepslate_lapis_ore":4,"minecraft:deepslate_iron_ore":17,"minecraft:cobblestone_slab":6,"minecraft:stone":235,"minecraft:deepslate_redstone_ore":6,"minecraft:smoker":2,"minecraft:dandelion":1,"minecraft:powder_snow":36,"minecraft:oak_fence":10,"minecraft:crafting_table":7,"minecraft:short_grass":274,"minecraft:blast_furnace":2,"minecraft:tall_grass":48,"minecraft:copper_ore":13,"minecraft:cobblestone":29,"minecraft:lapis_ore":18,"minecraft:deepslate_gold_ore":6,"minecraft:oak_planks":10,"minecraft:diorite":41,"minecraft:blue_bed":5,"minecraft:wall_torch":3,"minecraft:stripped_spruce_wood":2,"minecraft:wheat":39,"minecraft:white_wall_banner":2,"minecraft:oak_log":75,"minecraft:coal_ore":105,"minecraft:dirt":9,"minecraft:gold_ore":6,"minecraft:oak_leaves":23,"minecraft:deepslate":123},"minecraft:crafted":{"minecraft:wooden_sword":1,"minecraft:oak_planks":180,"minecraft:cobblestone_slab":12,"minecraft:furnace":2,"minecraft:cobblestone_stairs":12,"minecraft:cooked_mutton":2,"minecraft:iron_boots":1,"minecraft:stone_pickaxe":2,"minecraft:cobblestone_wall":6,"minecraft:chest":1,"minecraft:oak_fence":36,"minecraft:wheat":747,"minecraft:iron_helmet":1,"minecraft:cooked_porkchop":13,"minecraft:crafting_table":5,"minecraft:spruce_planks":16,"minecraft:wooden_pickaxe":1,"minecraft:iron_sword":1,"minecraft:bucket":1,"minecraft:stone_axe":2,"minecraft:bread":249,"minecraft:air":0,"minecraft:oak_boat":1,"minecraft:iron_chestplate":1,"minecraft:wooden_hoe":3,"minecraft:shield":2,"minecraft:stick":92,"minecraft:iron_ingot":158,"minecraft:iron_pickaxe":4,"minecraft:wooden_axe":1,"minecraft:stone_sword":1,"minecraft:iron_leggings":1,"minecraft:gold_ingot":2,"minecraft:torch":148},"minecraft:dropped":{"minecraft:iron_ingot":37,"minecraft:golden_boots":1,"minecraft:wheat_seeds":18,"minecraft:ominous_bottle":1,"minecraft:crafting_table":1,"minecraft:cooked_porkchop":3,"minecraft:crossbow":2,"minecraft:cobblestone":2,"minecraft:feather":2,"minecraft:granite":3,"minecraft:dirt":2,"minecraft:diorite":6,"minecraft:ink_sac":1,"minecraft:wooden_axe":1,"minecraft:wooden_sword":3,"minecraft:paper":4,"minecraft:blue_bed":2,"minecraft:bone":2,"minecraft:dandelion":1,"minecraft:stone_axe":3,"minecraft:iron_nugget":4,"minecraft:stone_sword":3,"minecraft:cobbled_deepslate":56,"minecraft:tuff":17,"minecraft:wheat":1,"minecraft:rotten_flesh":6,"minecraft:oak_planks":73,"minecraft:cooked_mutton":1,"minecraft:white_bed":1,"minecraft:leather_chestplate":1,"minecraft:shield":1,"minecraft:gunpowder":4,"minecraft:andesite":2,"minecraft:spruce_log":5,"minecraft:arrow":1,"minecraft:bow":1,"minecraft:wooden_pickaxe":2,"minecraft:stone_pickaxe":2},"minecraft:killed_by":{"minecraft:pillager":1},"minecraft:killed":{"minecraft:skeleton":2,"minecraft:chicken":8,"minecraft:pig":1,"minecraft:iron_golem":1,"minecraft:creeper":2,"minecraft:polar_bear":1,"minecraft:sheep":3,"minecraft:pillager":5,"minecraft:zombie":5},"minecraft:used":{"minecraft:oak_fence":48,"minecraft:stone_sword":52,"minecraft:flint_and_steel":4,"minecraft:stone_shovel":20,"minecraft:poppy":2,"minecraft:chest":1,"minecraft:spruce_planks":17,"minecraft:shield":10,"minecraft:iron_sword":14,"minecraft:cooked_salmon":2,"minecraft:oak_door":3,"minecraft:torch":155,"minecraft:brewing_stand":1,"minecraft:dirt":37,"minecraft:cobblestone_wall":2,"minecraft:granite":1,"minecraft:snowball":24,"minecraft:wooden_axe":39,"minecraft:lantern":1,"minecraft:beef":1,"minecraft:oak_sapling":32,"minecraft:furnace":5,"minecraft:egg":34,"minecraft:wheat_seeds":105,"minecraft:cooked_mutton":5,"minecraft:water_bucket":4,"minecraft:diorite":1,"minecraft:cobblestone_stairs":15,"minecraft:oak_planks":30,"minecraft:stone_pickaxe":187,"minecraft:cobblestone_slab":17,"minecraft:wooden_pickaxe":34,"minecraft:leather_chestplate":1,"minecraft:sugar_cane":7,"minecraft:blue_bed":5,"minecraft:crafting_table":11,"minecraft:blast_furnace":2,"minecraft:smoker":3,"minecraft:oak_log":2,"minecraft:wooden_hoe":84,"minecraft:bread":33,"minecraft:iron_pickaxe":576,"minecraft:stone_axe":73,"minecraft:wooden_sword":14,"minecraft:cobblestone":173,"minecraft:white_banner":3,"minecraft:cooked_porkchop":4,"minecraft:bucket":5,"minecraft:oak_boat":3},"minecraft:custom":{"minecraft:mob_kills":30,"minecraft:animals_bred":20,"minecraft:interact_with_crafting_table":54,"minecraft:interact_with_campfire":4,"minecraft:leave_game":9,"minecraft:time_since_death":124440,"minecraft:sprint_one_cm":436079,"minecraft:walk_one_cm":812663,"minecraft:damage_blocked_by_shield":501,"minecraft:drop":67,"minecraft:play_time":210371,"minecraft:sneak_time":11752,"minecraft:deaths":1,"minecraft:walk_under_water_one_cm":1019,"minecraft:boat_one_cm":203625,"minecraft:jump":4567,"minecraft:interact_with_blast_furnace":5,"minecraft:walk_on_water_one_cm":11995,"minecraft:total_world_time":210371,"minecraft:interact_with_furnace":87,"minecraft:sleep_in_bed":11,"minecraft:time_since_rest":67655,"minecraft:damage_taken":1792,"minecraft:damage_dealt":5457,"minecraft:swim_one_cm":7115,"minecraft:fly_one_cm":787404,"minecraft:open_chest":38,"minecraft:crouch_one_cm":40182,"minecraft:interact_with_smoker":8,"minecraft:fall_one_cm":85451},"minecraft:broken":{"minecraft:stone_pickaxe":1,"minecraft:iron_pickaxe":2,"minecraft:wooden_hoe":1}},"DataVersion":3953}