{"stats":{"minecraft:custom":{"minecraft:animals_bred":30,"minecraft:interact_with_crafting_table":75,"minecraft:open_barrel":3,"minecraft:bell_ring":1,"minecraft:leave_game":12,"minecraft:time_since_death":147495,"minecraft:sprint_one_cm":783760,"minecraft:damage_blocked_by_shield":2499,"minecraft:drop":198,"minecraft:talked_to_villager":4,"minecraft:play_time":379392,"minecraft:deaths":3,"minecraft:jump":8341,"minecraft:walk_on_water_one_cm":25588,"minecraft:interact_with_furnace":110,"minecraft:sleep_in_bed":19,"minecraft:damage_dealt":13810,"minecraft:crouch_one_cm":57252,"minecraft:interact_with_smoker":14,"minecraft:interact_with_smithing_table":3,"minecraft:mob_kills":77,"minecraft:interact_with_anvil":1,"minecraft:interact_with_campfire":4,"minecraft:climb_one_cm":2427,"minecraft:walk_one_cm":1549885,"minecraft:sneak_time":16896,"minecraft:walk_under_water_one_cm":13752,"minecraft:boat_one_cm":280082,"minecraft:interact_with_blast_furnace":14,"minecraft:total_world_time":379392,"minecraft:time_since_rest":88,"minecraft:damage_taken":3901,"minecraft:swim_one_cm":49305,"minecraft:fly_one_cm":1429010,"minecraft:open_chest":163,"minecraft:fall_one_cm":158748},"minecraft:crafted":{"minecraft:oak_planks":180,"minecraft:cobblestone_slab":42,"minecraft:cooked_chicken":13,"minecraft:cobblestone_stairs":16,"minecraft:cooked_mutton":19,"minecraft:iron_boots":1,"minecraft:chest":2,"minecraft:stone_hoe":1,"minecraft:oak_fence":54,"minecraft:cooked_porkchop":13,"minecraft:crafting_table":6,"minecraft:spruce_planks":16,"minecraft:wooden_pickaxe":1,"minecraft:iron_helmet":1,"minecraft:copper_ingot":19,"minecraft:wooden_hoe":3,"minecraft:iron_chestplate":2,"minecraft:shield":2,"minecraft:stick":112,"minecraft:iron_ingot":164,"minecraft:iron_pickaxe":5,"minecraft:stone_sword":1,"minecraft:gold_ingot":2,"minecraft:wooden_sword":1,"minecraft:oak_door":3,"minecraft:spyglass":3,"minecraft:furnace":3,"minecraft:iron_axe":1,"minecraft:stone_pickaxe":2,"minecraft:cobblestone_wall":72,"minecraft:wheat":747,"minecraft:iron_sword":1,"minecraft:bucket":1,"minecraft:stone_axe":2,"minecraft:bread":249,"minecraft:air":0,"minecraft:oak_fence_gate":6,"minecraft:oak_boat":2,"minecraft:oak_chest_boat":1,"minecraft:wooden_axe":1,"minecraft:iron_leggings":1,"minecraft:torch":356},"minecraft:mined":{"minecraft:large_amethyst_bud":2,"minecraft:spruce_planks":11,"minecraft:white_bed":2,"minecraft:cobblestone_stairs":13,"minecraft:brewing_stand":1,"minecraft:spruce_trapdoor":3,"minecraft:granite":8,"minecraft:grass_block":35,"minecraft:composter":3,"minecraft:iron_ore":177,"minecraft:cobbled_deepslate":1,"minecraft:fire":24,"minecraft:deepslate_lapis_ore":13,"minecraft:dirt_path":3,"minecraft:spruce_slab":4,"minecraft:deepslate_redstone_ore":17,"minecraft:smoker":2,"minecraft:medium_amethyst_bud":2,"minecraft:amethyst_cluster":9,"minecraft:powder_snow":36,"minecraft:torch":18,"minecraft:blast_furnace":2,"minecraft:poppy":13,"minecraft:glass":4,"minecraft:cobblestone":72,"minecraft:oak_planks":16,"minecraft:wall_torch":12,"minecraft:amethyst_block":8,"minecraft:wheat":86,"minecraft:oak_log":75,"minecraft:oak_fence_gate":1,"minecraft:sand":35,"minecraft:dirt":17,"minecraft:oak_leaves":23,"minecraft:deepslate":136,"minecraft:tuff":18,"minecraft:oak_door":9,"minecraft:spruce_leaves":14,"minecraft:sandstone":6,"minecraft:large_fern":2,"minecraft:hay_block":83,"minecraft:redstone_ore":7,"minecraft:spruce_sapling":1,"minecraft:furnace":6,"minecraft:carrots":1,"minecraft:andesite":4,"minecraft:stripped_spruce_log":2,"minecraft:bell":2,"minecraft:potatoes":6,"minecraft:deepslate_iron_ore":31,"minecraft:cobblestone_slab":35,"minecraft:stone":273,"minecraft:dandelion":9,"minecraft:oak_fence":29,"minecraft:crafting_table":11,"minecraft:short_grass":294,"minecraft:tall_grass":54,"minecraft:copper_ore":13,"minecraft:lapis_ore":26,"minecraft:deepslate_gold_ore":8,"minecraft:diorite":53,"minecraft:blue_bed":10,"minecraft:spruce_stairs":4,"minecraft:stripped_spruce_wood":2,"minecraft:cobblestone_wall":68,"minecraft:spruce_log":78,"minecraft:yellow_bed":2,"minecraft:white_wall_banner":2,"minecraft:coal_ore":170,"minecraft:gravel":5,"minecraft:gold_ore":6},"minecraft:killed":{"minecraft:spider":1,"minecraft:skeleton":6,"minecraft:chicken":21,"minecraft:pig":1,"minecraft:iron_golem":1,"minecraft:creeper":5,"minecraft:sheep":5,"minecraft:pillager":5,"minecraft:zombie":23,"minecraft:polar_bear":1,"minecraft:enderman":5},"minecraft:dropped":{"minecraft:ominous_bottle":1,"minecraft:crafting_table":2,"minecraft:cooked_porkchop":3,"minecraft:crossbow":3,"minecraft:dirt":4,"minecraft:wooden_sword":3,"minecraft:blue_bed":2,"minecraft:bone":7,"minecraft:oak_door":2,"minecraft:gravel":6,"minecraft:stone_axe":4,"minecraft:spyglass":3,"minecraft:iron_nugget":8,"minecraft:cobbled_deepslate":82,"minecraft:wheat":1,"minecraft:rotten_flesh":37,"minecraft:oak_planks":77,"minecraft:cooked_mutton":1,"minecraft:white_bed":1,"minecraft:leather_chestplate":1,"minecraft:gunpowder":9,"minecraft:arrow":9,"minecraft:egg":1,"minecraft:iron_ingot":37,"minecraft:golden_boots":1,"minecraft:bread":136,"minecraft:wheat_seeds":19,"minecraft:feather":11,"minecraft:cobblestone":2,"minecraft:granite":5,"minecraft:diorite":56,"minecraft:ink_sac":2,"minecraft:wooden_axe":1,"minecraft:paper":8,"minecraft:spruce_sapling":15,"minecraft:dandelion":1,"minecraft:stone_sword":4,"minecraft:raw_copper":72,"minecraft:tuff":19,"minecraft:filled_map":1,"minecraft:cobblestone_slab":5,"minecraft:shield":2,"minecraft:andesite":31,"minecraft:spruce_log":9,"minecraft:sandstone":4,"minecraft:bow":2,"minecraft:stone_pickaxe":6,"minecraft:wooden_pickaxe":3},"minecraft:used":{"minecraft:spruce_slab":1,"minecraft:poppy":2,"minecraft:chest":1,"minecraft:shield":35,"minecraft:iron_sword":120,"minecraft:bell":1,"minecraft:iron_chestplate":2,"minecraft:carrot":3,"minecraft:snowball":24,"minecraft:lantern":1,"minecraft:iron_helmet":1,"minecraft:furnace":7,"minecraft:oak_sapling":32,"minecraft:egg":65,"minecraft:potato":15,"minecraft:oak_chest_boat":2,"minecraft:diorite":7,"minecraft:stone_pickaxe":221,"minecraft:oak_planks":47,"minecraft:leather_chestplate":1,"minecraft:wooden_pickaxe":34,"minecraft:composter":3,"minecraft:blue_bed":8,"minecraft:sugar_cane":7,"minecraft:blast_furnace":2,"minecraft:bread":78,"minecraft:wooden_sword":14,"minecraft:andesite":1,"minecraft:oak_boat":22,"minecraft:oak_fence":76,"minecraft:stone_sword":52,"minecraft:flint_and_steel":28,"minecraft:stone_shovel":77,"minecraft:spruce_planks":27,"minecraft:cooked_salmon":2,"minecraft:stone_hoe":6,"minecraft:oak_door":7,"minecraft:torch":388,"minecraft:brewing_stand":1,"minecraft:dirt":59,"minecraft:spyglass":40,"minecraft:spruce_stairs":2,"minecraft:cobblestone_wall":70,"minecraft:granite":2,"minecraft:oak_fence_gate":1,"minecraft:wooden_axe":39,"minecraft:iron_axe":106,"minecraft:beef":1,"minecraft:cobbled_deepslate":1,"minecraft:wheat_seeds":213,"minecraft:cooked_mutton":5,"minecraft:water_bucket":51,"minecraft:cobblestone_stairs":23,"minecraft:cobblestone_slab":59,"minecraft:crafting_table":19,"minecraft:white_bed":1,"minecraft:spruce_log":9,"minecraft:smoker":3,"minecraft:oak_log":3,"minecraft:wooden_hoe":84,"minecraft:iron_pickaxe":950,"minecraft:spruce_trapdoor":3,"minecraft:spruce_sapling":1,"minecraft:stone_axe":152,"minecraft:cobblestone":339,"minecraft:white_banner":3,"minecraft:cooked_porkchop":4,"minecraft:bucket":52,"minecraft:glass_pane":2,"minecraft:yellow_bed":2},"minecraft:broken":{"minecraft:stone_pickaxe":1,"minecraft:stone_axe":1,"minecraft:iron_pickaxe":3,"minecraft:wooden_hoe":1},"minecraft:killed_by":{"minecraft:pillager":1,"minecraft:player":1,"minecraft:skeleton":1},"minecraft:picked_up":{"minecraft:iron_chestplate":2,"minecraft:wheat":83,"minecraft:brewing_stand":1,"minecraft:amethyst_block":15,"minecraft:raw_copper":115,"minecraft:cooked_salmon":2,"minecraft:iron_leggings":2,"minecraft:cobbled_deepslate":147,"minecraft:spruce_planks":13,"minecraft:cobblestone_slab":43,"minecraft:iron_pickaxe":3,"minecraft:iron_boots":2,"minecraft:furnace":11,"minecraft:stick":134,"minecraft:composter":3,"minecraft:oak_fence":35,"minecraft:torch":155,"minecraft:spruce_stairs":4,"minecraft:porkchop":14,"minecraft:diorite":65,"minecraft:stone_sword":4,"minecraft:rotten_flesh":41,"minecraft:snowball":24,"minecraft:cobblestone":564,"minecraft:leather_chestplate":1,"minecraft:feather":18,"minecraft:water_bucket":2,"minecraft:andesite":4,"minecraft:smoker":3,"minecraft:potato":15,"minecraft:tuff":21,"minecraft:stripped_spruce_wood":2,"minecraft:dirt":96,"minecraft:lapis_lazuli":291,"minecraft:lantern":1,"minecraft:bone":15,"minecraft:bow":2,"minecraft:wheat_seeds":289,"minecraft:raw_gold":14,"minecraft:bell":2,"minecraft:oak_planks":196,"minecraft:cooked_porkchop":8,"minecraft:sand":102,"minecraft:stripped_spruce_log":2,"minecraft:ink_sac":3,"minecraft:crossbow":3,"minecraft:granite":7,"minecraft:bone_meal":2,"minecraft:bread":306,"minecraft:oak_sapling":32,"minecraft:crafting_table":15,"minecraft:ominous_bottle":3,"minecraft:chicken":29,"minecraft:wooden_pickaxe":2,"minecraft:shield":4,"minecraft:wooden_sword":2,"minecraft:flint_and_steel":3,"minecraft:beef":1,"minecraft:oak_boat":25,"minecraft:iron_nugget":9,"minecraft:poppy":15,"minecraft:spruce_slab":1,"minecraft:sugar_cane":7,"minecraft:spruce_trapdoor":3,"minecraft:egg":68,"minecraft:raw_iron":297,"minecraft:sandstone":4,"minecraft:oak_door":8,"minecraft:carrot":4,"minecraft:redstone":111,"minecraft:arrow":15,"minecraft:stone_shovel":2,"minecraft:hay_block":83,"minecraft:oak_chest_boat":1,"minecraft:mutton":21,"minecraft:white_wool":12,"minecraft:leather":2,"minecraft:filled_map":1,"minecraft:oak_log":113,"minecraft:gunpowder":19,"minecraft:yellow_bed":2,"minecraft:golden_boots":1,"minecraft:cobblestone_wall":70,"minecraft:cobblestone_stairs":12,"minecraft:blue_bed":10,"minecraft:paper":8,"minecraft:white_banner":5,"minecraft:cooked_mutton":4,"minecraft:coast_armor_trim_smithing_template":1,"minecraft:iron_ingot":69,"minecraft:stone_pickaxe":8,"minecraft:iron_sword":2,"minecraft:dandelion":6,"minecraft:spyglass":1,"minecraft:gravel":8,"minecraft:amethyst_shard":108,"minecraft:spruce_sapling":18,"minecraft:blast_furnace":2,"minecraft:white_bed":2,"minecraft:spruce_log":86,"minecraft:spider_eye":1,"minecraft:stone_axe":6,"minecraft:iron_helmet":2,"minecraft:gray_wool":1,"minecraft:black_wool":1,"minecraft:coal":272,"minecraft:ender_pearl":5}},"DataVersion":3953}