{"stats":{"minecraft:broken":{"minecraft:stone_pickaxe":1,"minecraft:stone_axe":1,"minecraft:iron_pickaxe":4,"minecraft:wooden_hoe":1},"minecraft:crafted":{"minecraft:oak_planks":212,"minecraft:cobblestone_slab":106,"minecraft:cooked_chicken":13,"minecraft:cobblestone_stairs":28,"minecraft:cooked_mutton":27,"minecraft:iron_boots":1,"minecraft:chest":2,"minecraft:stone_hoe":1,"minecraft:oak_fence":54,"minecraft:cooked_porkchop":13,"minecraft:crafting_table":9,"minecraft:spruce_planks":16,"minecraft:wooden_pickaxe":1,"minecraft:iron_helmet":1,"minecraft:copper_ingot":19,"minecraft:wooden_hoe":3,"minecraft:iron_chestplate":2,"minecraft:diamond_pickaxe":1,"minecraft:shield":2,"minecraft:stick":164,"minecraft:iron_ingot":199,"minecraft:iron_pickaxe":6,"minecraft:stone_sword":1,"minecraft:gold_ingot":2,"minecraft:wooden_sword":1,"minecraft:oak_door":3,"minecraft:spyglass":3,"minecraft:furnace":3,"minecraft:iron_axe":1,"minecraft:iron_hoe":1,"minecraft:stone_pickaxe":2,"minecraft:cobblestone_wall":84,"minecraft:wheat":747,"minecraft:cooked_beef":9,"minecraft:iron_sword":2,"minecraft:bucket":1,"minecraft:stone_axe":2,"minecraft:bread":249,"minecraft:air":0,"minecraft:oak_fence_gate":6,"minecraft:oak_boat":2,"minecraft:oak_chest_boat":1,"minecraft:wooden_axe":1,"minecraft:iron_leggings":1,"minecraft:torch":524},"minecraft:dropped":{"minecraft:iron_sword":1,"minecraft:ominous_bottle":1,"minecraft:crafting_table":2,"minecraft:cooked_porkchop":3,"minecraft:crossbow":3,"minecraft:rail":1,"minecraft:flint":1,"minecraft:dirt":4,"minecraft:wooden_sword":3,"minecraft:white_wool":4,"minecraft:blue_bed":2,"minecraft:bone":8,"minecraft:oak_door":2,"minecraft:gravel":8,"minecraft:stone_axe":4,"minecraft:spyglass":3,"minecraft:iron_nugget":8,"minecraft:cobbled_deepslate":97,"minecraft:wheat":1,"minecraft:rotten_flesh":44,"minecraft:oak_planks":77,"minecraft:cooked_mutton":4,"minecraft:white_bed":1,"minecraft:leather_chestplate":1,"minecraft:gunpowder":9,"minecraft:arrow":14,"minecraft:powered_rail":3,"minecraft:egg":1,"minecraft:golden_boots":1,"minecraft:iron_ingot":37,"minecraft:bread":136,"minecraft:wheat_seeds":20,"minecraft:feather":18,"minecraft:cobblestone":3,"minecraft:granite":9,"minecraft:diorite":61,"minecraft:ink_sac":2,"minecraft:wooden_axe":1,"minecraft:paper":8,"minecraft:string":11,"minecraft:spruce_sapling":15,"minecraft:dandelion":1,"minecraft:smooth_basalt":3,"minecraft:stone_sword":4,"minecraft:raw_copper":72,"minecraft:tuff":19,"minecraft:stone_shovel":1,"minecraft:pumpkin_seeds":6,"minecraft:filled_map":1,"minecraft:cobblestone_slab":5,"minecraft:shield":2,"minecraft:spruce_trapdoor":1,"minecraft:andesite":32,"minecraft:spruce_log":9,"minecraft:sandstone":4,"minecraft:bow":2,"minecraft:stone_pickaxe":6,"minecraft:wooden_pickaxe":3,"minecraft:calcite":3},"minecraft:used":{"minecraft:spruce_slab":1,"minecraft:poppy":5,"minecraft:chest":1,"minecraft:shield":47,"minecraft:iron_sword":250,"minecraft:bell":1,"minecraft:iron_chestplate":2,"minecraft:lily_of_the_valley":4,"minecraft:carrot":11,"minecraft:snowball":24,"minecraft:obsidian":14,"minecraft:lantern":1,"minecraft:iron_helmet":1,"minecraft:furnace":13,"minecraft:oak_sapling":35,"minecraft:egg":126,"minecraft:potato":31,"minecraft:oak_chest_boat":2,"minecraft:diorite":7,"minecraft:oak_planks":110,"minecraft:stone_pickaxe":221,"minecraft:wooden_pickaxe":34,"minecraft:leather_chestplate":1,"minecraft:composter":3,"minecraft:sugar_cane":7,"minecraft:blue_bed":9,"minecraft:white_wool":3,"minecraft:glow_berries":8,"minecraft:blast_furnace":2,"minecraft:bread":80,"minecraft:wooden_sword":14,"minecraft:andesite":1,"minecraft:oak_boat":26,"minecraft:bone_meal":2,"minecraft:oak_fence":95,"minecraft:stone_sword":52,"minecraft:flint_and_steel":46,"minecraft:stone_shovel":77,"minecraft:spruce_planks":27,"minecraft:cooked_salmon":2,"minecraft:netherrack":21,"minecraft:stone_hoe":6,"minecraft:cooked_chicken":3,"minecraft:oak_door":7,"minecraft:torch":563,"minecraft:brewing_stand":1,"minecraft:dirt":59,"minecraft:spyglass":76,"minecraft:spruce_stairs":2,"minecraft:cobblestone_wall":103,"minecraft:granite":2,"minecraft:oak_fence_gate":1,"minecraft:iron_hoe":5,"minecraft:wooden_axe":39,"minecraft:iron_axe":159,"minecraft:beef":1,"minecraft:cooked_beef":5,"minecraft:cobbled_deepslate":13,"minecraft:wheat_seeds":224,"minecraft:cooked_mutton":20,"minecraft:water_bucket":83,"minecraft:cobblestone_stairs":41,"minecraft:cobblestone_slab":85,"minecraft:crafting_table":23,"minecraft:white_bed":1,"minecraft:spruce_log":9,"minecraft:smoker":3,"minecraft:oak_log":7,"minecraft:wooden_hoe":84,"minecraft:diamond_pickaxe":263,"minecraft:iron_pickaxe":1235,"minecraft:spruce_trapdoor":3,"minecraft:spruce_sapling":1,"minecraft:stone_axe":152,"minecraft:cobblestone":425,"minecraft:white_banner":4,"minecraft:cooked_porkchop":4,"minecraft:bucket":84,"minecraft:glass_pane":2,"minecraft:yellow_bed":2,"minecraft:dandelion":3},"minecraft:picked_up":{"minecraft:iron_chestplate":3,"minecraft:wheat":84,"minecraft:brewing_stand":1,"minecraft:amethyst_block":15,"minecraft:string":11,"minecraft:raw_copper":115,"minecraft:cooked_salmon":2,"minecraft:iron_leggings":2,"minecraft:gold_nugget":44,"minecraft:cobbled_deepslate":174,"minecraft:spruce_planks":13,"minecraft:cobblestone_slab":56,"minecraft:calcite":3,"minecraft:iron_pickaxe":3,"minecraft:furnace":14,"minecraft:iron_boots":2,"minecraft:stick":138,"minecraft:composter":3,"minecraft:oak_fence":36,"minecraft:torch":179,"minecraft:spruce_stairs":4,"minecraft:porkchop":14,"minecraft:diorite":70,"minecraft:stone_sword":4,"minecraft:rotten_flesh":48,"minecraft:obsidian":14,"minecraft:snowball":24,"minecraft:cobblestone":630,"minecraft:leather_chestplate":1,"minecraft:feather":47,"minecraft:cooked_beef":9,"minecraft:water_bucket":2,"minecraft:andesite":5,"minecraft:smoker":3,"minecraft:potato":31,"minecraft:flint":1,"minecraft:tuff":21,"minecraft:stripped_spruce_wood":2,"minecraft:lapis_lazuli":386,"minecraft:dirt":108,"minecraft:lantern":1,"minecraft:bone":18,"minecraft:bow":2,"minecraft:wheat_seeds":316,"minecraft:raw_gold":35,"minecraft:bell":2,"minecraft:oak_planks":247,"minecraft:cooked_porkchop":15,"minecraft:sand":102,"minecraft:stripped_spruce_log":2,"minecraft:ink_sac":3,"minecraft:lily_of_the_valley":22,"minecraft:diamond":8,"minecraft:crossbow":3,"minecraft:granite":11,"minecraft:bone_meal":2,"minecraft:bread":320,"minecraft:oak_sapling":37,"minecraft:netherrack":54,"minecraft:diamond_pickaxe":1,"minecraft:crafting_table":16,"minecraft:ominous_bottle":3,"minecraft:chicken":54,"minecraft:wooden_pickaxe":2,"minecraft:shield":4,"minecraft:iron_axe":1,"minecraft:wooden_sword":2,"minecraft:flint_and_steel":4,"minecraft:beef":1,"minecraft:oak_boat":29,"minecraft:iron_nugget":9,"minecraft:poppy":15,"minecraft:spruce_slab":1,"minecraft:sugar_cane":7,"minecraft:spruce_trapdoor":4,"minecraft:egg":129,"minecraft:raw_iron":353,"minecraft:sandstone":4,"minecraft:oak_door":8,"minecraft:carrot":12,"minecraft:redstone":129,"minecraft:arrow":20,"minecraft:stone_shovel":2,"minecraft:hay_block":83,"minecraft:oak_chest_boat":1,"minecraft:mutton":38,"minecraft:white_wool":25,"minecraft:rail":1,"minecraft:stripped_oak_log":4,"minecraft:leather":2,"minecraft:filled_map":1,"minecraft:oak_log":122,"minecraft:gunpowder":19,"minecraft:yellow_bed":2,"minecraft:golden_boots":3,"minecraft:cobblestone_wall":80,"minecraft:cobblestone_stairs":22,"minecraft:blue_bed":11,"minecraft:paper":8,"minecraft:white_banner":6,"minecraft:cooked_mutton":11,"minecraft:coast_armor_trim_smithing_template":1,"minecraft:iron_ingot":71,"minecraft:stone_pickaxe":8,"minecraft:iron_sword":3,"minecraft:smooth_basalt":3,"minecraft:quartz":221,"minecraft:dandelion":6,"minecraft:spyglass":2,"minecraft:gravel":10,"minecraft:amethyst_shard":108,"minecraft:spruce_sapling":19,"minecraft:blast_furnace":2,"minecraft:white_bed":2,"minecraft:spruce_log":86,"minecraft:spider_eye":1,"minecraft:pumpkin_seeds":6,"minecraft:stone_axe":6,"minecraft:iron_helmet":2,"minecraft:gray_wool":1,"minecraft:black_wool":1,"minecraft:coal":406,"minecraft:ender_pearl":6},"minecraft:custom":{"minecraft:animals_bred":30,"minecraft:interact_with_crafting_table":86,"minecraft:open_barrel":3,"minecraft:bell_ring":1,"minecraft:leave_game":16,"minecraft:time_since_death":8725,"minecraft:sprint_one_cm":1038187,"minecraft:damage_blocked_by_shield":2845,"minecraft:drop":236,"minecraft:talked_to_villager":4,"minecraft:play_time":480223,"minecraft:deaths":4,"minecraft:jump":10331,"minecraft:walk_on_water_one_cm":38417,"minecraft:interact_with_furnace":149,"minecraft:sleep_in_bed":21,"minecraft:damage_dealt":19195,"minecraft:player_kills":1,"minecraft:crouch_one_cm":86341,"minecraft:interact_with_smoker":19,"minecraft:horse_one_cm":6576,"minecraft:interact_with_smithing_table":3,"minecraft:mob_kills":132,"minecraft:interact_with_anvil":1,"minecraft:interact_with_campfire":4,"minecraft:climb_one_cm":7938,"minecraft:walk_one_cm":1939442,"minecraft:sneak_time":27132,"minecraft:walk_under_water_one_cm":18425,"minecraft:boat_one_cm":280082,"minecraft:interact_with_blast_furnace":16,"minecraft:total_world_time":480223,"minecraft:time_since_rest":8890,"minecraft:damage_taken":5533,"minecraft:swim_one_cm":53573,"minecraft:fly_one_cm":1737404,"minecraft:open_chest":224,"minecraft:fall_one_cm":193516},"minecraft:killed":{"minecraft:cave_spider":2,"minecraft:spider":4,"minecraft:skeleton":10,"minecraft:chicken":48,"minecraft:pig":1,"minecraft:iron_golem":1,"minecraft:creeper":5,"minecraft:sheep":15,"minecraft:pillager":5,"minecraft:zombie":31,"minecraft:polar_bear":1,"minecraft:enderman":6},"minecraft:mined":{"minecraft:large_amethyst_bud":2,"minecraft:spruce_planks":11,"minecraft:white_bed":2,"minecraft:oak_sapling":1,"minecraft:cobblestone_stairs":23,"minecraft:brewing_stand":1,"minecraft:obsidian":14,"minecraft:spruce_trapdoor":3,"minecraft:granite":12,"minecraft:grass_block":35,"minecraft:composter":3,"minecraft:spawner":1,"minecraft:iron_ore":202,"minecraft:cobbled_deepslate":3,"minecraft:fire":53,"minecraft:deepslate_lapis_ore":13,"minecraft:dirt_path":3,"minecraft:spruce_slab":4,"minecraft:deepslate_redstone_ore":21,"minecraft:smoker":2,"minecraft:medium_amethyst_bud":2,"minecraft:amethyst_cluster":9,"minecraft:powder_snow":36,"minecraft:torch":19,"minecraft:blast_furnace":2,"minecraft:calcite":3,"minecraft:poppy":13,"minecraft:nether_quartz_ore":157,"minecraft:glass":4,"minecraft:cobblestone":80,"minecraft:oak_planks":42,"minecraft:wall_torch":16,"minecraft:amethyst_block":8,"minecraft:wheat":86,"minecraft:oak_log":84,"minecraft:oak_fence_gate":1,"minecraft:sand":35,"minecraft:dirt":17,"minecraft:smooth_basalt":3,"minecraft:netherrack":39,"minecraft:oak_leaves":25,"minecraft:deepslate":158,"minecraft:nether_gold_ore":10,"minecraft:tuff":18,"minecraft:deepslate_diamond_ore":8,"minecraft:oak_door":9,"minecraft:spruce_leaves":14,"minecraft:sandstone":6,"minecraft:large_fern":2,"minecraft:hay_block":83,"minecraft:redstone_ore":7,"minecraft:spruce_sapling":1,"minecraft:furnace":9,"minecraft:carrots":1,"minecraft:andesite":5,"minecraft:stripped_spruce_log":2,"minecraft:bell":2,"minecraft:potatoes":6,"minecraft:deepslate_iron_ore":51,"minecraft:cobblestone_slab":47,"minecraft:stripped_oak_log":4,"minecraft:stone":309,"minecraft:white_wool":3,"minecraft:lily_of_the_valley":22,"minecraft:dandelion":9,"minecraft:oak_fence":30,"minecraft:crafting_table":12,"minecraft:short_grass":327,"minecraft:tall_grass":56,"minecraft:copper_ore":13,"minecraft:deepslate_coal_ore":3,"minecraft:lapis_ore":41,"minecraft:deepslate_gold_ore":18,"minecraft:diorite":55,"minecraft:blue_bed":10,"minecraft:spruce_stairs":4,"minecraft:stripped_spruce_wood":2,"minecraft:cobblestone_wall":79,"minecraft:spruce_log":78,"minecraft:white_wall_banner":3,"minecraft:yellow_bed":2,"minecraft:coal_ore":277,"minecraft:gravel":7,"minecraft:cobweb":9,"minecraft:gold_ore":17},"minecraft:killed_by":{"minecraft:pillager":1,"minecraft:player":1,"minecraft:skeleton":1}},"DataVersion":3953}