{"stats":{"minecraft:dropped":{"minecraft:wheat_seeds":17,"minecraft:crafting_table":1,"minecraft:cooked_porkchop":3,"minecraft:crossbow":2,"minecraft:cobblestone":2,"minecraft:feather":2,"minecraft:diorite":2,"minecraft:ink_sac":1,"minecraft:wooden_axe":1,"minecraft:wooden_sword":3,"minecraft:paper":4,"minecraft:blue_bed":2,"minecraft:dandelion":1,"minecraft:stone_axe":3,"minecraft:iron_nugget":4,"minecraft:stone_sword":2,"minecraft:wheat":1,"minecraft:rotten_flesh":2,"minecraft:oak_planks":69,"minecraft:cooked_mutton":1,"minecraft:white_bed":1,"minecraft:shield":1,"minecraft:gunpowder":2,"minecraft:spruce_log":5,"minecraft:wooden_pickaxe":2,"minecraft:stone_pickaxe":2},"minecraft:used":{"minecraft:oak_fence":48,"minecraft:stone_sword":31,"minecraft:stone_shovel":2,"minecraft:poppy":2,"minecraft:chest":1,"minecraft:spruce_planks":17,"minecraft:shield":4,"minecraft:cooked_salmon":2,"minecraft:oak_door":3,"minecraft:torch":1,"minecraft:brewing_stand":1,"minecraft:dirt":10,"minecraft:cobblestone_wall":2,"minecraft:granite":1,"minecraft:snowball":24,"minecraft:wooden_axe":39,"minecraft:lantern":1,"minecraft:beef":1,"minecraft:oak_sapling":16,"minecraft:furnace":1,"minecraft:egg":19,"minecraft:wheat_seeds":41,"minecraft:cooked_mutton":5,"minecraft:cobblestone_stairs":15,"minecraft:oak_planks":21,"minecraft:stone_pickaxe":56,"minecraft:wooden_pickaxe":34,"minecraft:leather_chestplate":1,"minecraft:cobblestone_slab":17,"minecraft:sugar_cane":7,"minecraft:blue_bed":5,"minecraft:crafting_table":7,"minecraft:blast_furnace":1,"minecraft:smoker":2,"minecraft:oak_log":2,"minecraft:wooden_hoe":84,"minecraft:bread":14,"minecraft:iron_pickaxe":38,"minecraft:stone_axe":56,"minecraft:wooden_sword":14,"minecraft:cobblestone":62,"minecraft:white_banner":2,"minecraft:cooked_porkchop":2,"minecraft:oak_boat":3},"minecraft:killed_by":{"minecraft:pillager":1},"minecraft:picked_up":{"minecraft:crafting_table":4,"minecraft:wheat":9,"minecraft:ominous_bottle":2,"minecraft:chicken":8,"minecraft:wooden_pickaxe":1,"minecraft:brewing_stand":1,"minecraft:shield":1,"minecraft:cooked_salmon":2,"minecraft:wooden_sword":2,"minecraft:flint_and_steel":1,"minecraft:spruce_planks":1,"minecraft:beef":1,"minecraft:oak_boat":4,"minecraft:cobblestone_slab":7,"minecraft:poppy":2,"minecraft:iron_nugget":4,"minecraft:sugar_cane":7,"minecraft:furnace":1,"minecraft:egg":19,"minecraft:stick":73,"minecraft:raw_iron":13,"minecraft:oak_door":4,"minecraft:oak_fence":12,"minecraft:torch":4,"minecraft:porkchop":14,"minecraft:diorite":2,"minecraft:stone_sword":3,"minecraft:rotten_flesh":2,"minecraft:stone_shovel":1,"minecraft:hay_block":83,"minecraft:mutton":6,"minecraft:cobblestone":210,"minecraft:snowball":24,"minecraft:white_wool":2,"minecraft:leather_chestplate":1,"minecraft:feather":2,"minecraft:leather":2,"minecraft:smoker":2,"minecraft:stripped_spruce_wood":2,"minecraft:oak_log":102,"minecraft:cobblestone_stairs":6,"minecraft:cobblestone_wall":5,"minecraft:golden_boots":1,"minecraft:gunpowder":4,"minecraft:dirt":26,"minecraft:blue_bed":7,"minecraft:paper":4,"minecraft:lantern":1,"minecraft:white_banner":4,"minecraft:cooked_mutton":4,"minecraft:wheat_seeds":85,"minecraft:stone_pickaxe":2,"minecraft:iron_ingot":5,"minecraft:oak_planks":160,"minecraft:cooked_porkchop":1,"minecraft:dandelion":1,"minecraft:stripped_spruce_log":2,"minecraft:blast_furnace":1,"minecraft:ink_sac":2,"minecraft:white_bed":1,"minecraft:spruce_log":5,"minecraft:stone_axe":3,"minecraft:crossbow":2,"minecraft:granite":1,"minecraft:gray_wool":1,"minecraft:bread":83,"minecraft:oak_sapling":16,"minecraft:black_wool":1,"minecraft:coal":76},"minecraft:custom":{"minecraft:mob_kills":14,"minecraft:animals_bred":9,"minecraft:interact_with_crafting_table":34,"minecraft:interact_with_campfire":4,"minecraft:leave_game":4,"minecraft:time_since_death":49628,"minecraft:sprint_one_cm":253677,"minecraft:walk_one_cm":596580,"minecraft:damage_blocked_by_shield":141,"minecraft:drop":42,"minecraft:play_time":135559,"minecraft:deaths":1,"minecraft:sneak_time":4854,"minecraft:walk_under_water_one_cm":982,"minecraft:boat_one_cm":203625,"minecraft:jump":2877,"minecraft:interact_with_blast_furnace":4,"minecraft:walk_on_water_one_cm":10076,"minecraft:total_world_time":135559,"minecraft:interact_with_furnace":16,"minecraft:sleep_in_bed":10,"minecraft:time_since_rest":9885,"minecraft:damage_taken":1120,"minecraft:damage_dealt":2992,"minecraft:swim_one_cm":7115,"minecraft:fly_one_cm":583199,"minecraft:open_chest":33,"minecraft:crouch_one_cm":18797,"minecraft:interact_with_smoker":5,"minecraft:fall_one_cm":49914},"minecraft:killed":{"minecraft:chicken":4,"minecraft:pig":1,"minecraft:iron_golem":1,"minecraft:polar_bear":1,"minecraft:sheep":3,"minecraft:pillager":2},"minecraft:mined":{"minecraft:spruce_planks":1,"minecraft:white_bed":1,"minecraft:oak_door":4,"minecraft:cobblestone_stairs":7,"minecraft:brewing_stand":1,"minecraft:granite":2,"minecraft:grass_block":2,"minecraft:spruce_leaves":2,"minecraft:hay_block":83,"minecraft:furnace":1,"minecraft:iron_ore":13,"minecraft:stripped_spruce_log":2,"minecraft:cobblestone_slab":6,"minecraft:stone":40,"minecraft:smoker":1,"minecraft:dandelion":1,"minecraft:powder_snow":36,"minecraft:oak_fence":10,"minecraft:crafting_table":3,"minecraft:short_grass":269,"minecraft:blast_furnace":1,"minecraft:tall_grass":45,"minecraft:cobblestone":25,"minecraft:oak_planks":7,"minecraft:blue_bed":5,"minecraft:stripped_spruce_wood":2,"minecraft:wheat":10,"minecraft:white_wall_banner":2,"minecraft:oak_log":75,"minecraft:coal_ore":29,"minecraft:dirt":6,"minecraft:oak_leaves":20},"minecraft:broken":{"minecraft:wooden_hoe":1},"minecraft:crafted":{"minecraft:wooden_sword":1,"minecraft:oak_planks":180,"minecraft:cobblestone_slab":12,"minecraft:cobblestone_stairs":12,"minecraft:cooked_mutton":2,"minecraft:stone_pickaxe":2,"minecraft:cobblestone_wall":6,"minecraft:chest":1,"minecraft:oak_fence":36,"minecraft:wheat":747,"minecraft:cooked_porkchop":4,"minecraft:crafting_table":4,"minecraft:spruce_planks":16,"minecraft:wooden_pickaxe":1,"minecraft:stone_axe":2,"minecraft:bread":249,"minecraft:air":0,"minecraft:oak_boat":1,"minecraft:wooden_hoe":3,"minecraft:shield":2,"minecraft:stick":92,"minecraft:iron_ingot":19,"minecraft:iron_pickaxe":1,"minecraft:wooden_axe":1,"minecraft:stone_sword":1,"minecraft:gold_ingot":2}},"DataVersion":3953}