{"stats":{"minecraft:killed":{"minecraft:pig":3,"minecraft:sheep":9},"minecraft:used":{"minecraft:cooked_mutton":2,"minecraft:stone_sword":25,"minecraft:stone_shovel":6,"minecraft:stone_pickaxe":257,"minecraft:shield":7,"minecraft:wooden_pickaxe":16,"minecraft:blue_bed":1,"minecraft:cooked_salmon":2,"minecraft:cooked_chicken":3,"minecraft:torch":1,"minecraft:crafting_table":3,"minecraft:white_bed":2,"minecraft:granite":2,"minecraft:spruce_log":1,"minecraft:wooden_axe":54,"minecraft:bread":10,"minecraft:stone_axe":22,"minecraft:wooden_sword":153,"minecraft:cobblestone":3,"minecraft:cooked_porkchop":1,"minecraft:gray_wool":1},"minecraft:mined":{"minecraft:white_bed":1,"minecraft:powder_snow":18,"minecraft:oak_fence":3,"minecraft:crafting_table":2,"minecraft:short_grass":100,"minecraft:granite":1,"minecraft:grass_block":3,"minecraft:tall_grass":30,"minecraft:cobblestone":14,"minecraft:spruce_leaves":9,"minecraft:blue_bed":2,"minecraft:diorite":2,"minecraft:wall_torch":1,"minecraft:spruce_log":6,"minecraft:oak_log":35,"minecraft:coal_ore":20,"minecraft:dirt":11,"minecraft:stone":234,"minecraft:oak_leaves":11,"minecraft:fern":1},"minecraft:broken":{"minecraft:wooden_axe":1},"minecraft:crafted":{"minecraft:oak_planks":100,"minecraft:stone_shovel":1,"minecraft:crafting_table":2,"minecraft:stone_axe":1,"minecraft:cooked_mutton":2,"minecraft:stick":32,"minecraft:stone_pickaxe":3,"minecraft:wooden_axe":1,"minecraft:stone_sword":1,"minecraft:torch":4},"minecraft:custom":{"minecraft:interact_with_furnace":2,"minecraft:mob_kills":12,"minecraft:interact_with_crafting_table":11,"minecraft:leave_game":1,"minecraft:time_since_death":34341,"minecraft:sleep_in_bed":7,"minecraft:time_since_rest":8304,"minecraft:sprint_one_cm":150784,"minecraft:damage_taken":1124,"minecraft:walk_one_cm":519575,"minecraft:damage_blocked_by_shield":400,"minecraft:drop":4,"minecraft:damage_dealt":1705,"minecraft:fly_one_cm":229530,"minecraft:open_chest":11,"minecraft:crouch_one_cm":1432,"minecraft:play_time":97575,"minecraft:deaths":1,"minecraft:sneak_time":237,"minecraft:boat_one_cm":122702,"minecraft:jump":1248,"minecraft:interact_with_smoker":1,"minecraft:total_world_time":97575,"minecraft:fall_one_cm":29768},"minecraft:killed_by":{"minecraft:pillager":1},"minecraft:picked_up":{"minecraft:wooden_axe":1,"minecraft:crafting_table":3,"minecraft:wheat":2,"minecraft:wooden_pickaxe":2,"minecraft:oak_log":35,"minecraft:shield":2,"minecraft:gunpowder":2,"minecraft:paper":4,"minecraft:blue_bed":2,"minecraft:dirt":15,"minecraft:cooked_salmon":2,"minecraft:wooden_sword":2,"minecraft:wheat_seeds":32,"minecraft:stone_pickaxe":2,"minecraft:cooked_chicken":3,"minecraft:iron_nugget":4,"minecraft:oak_planks":133,"minecraft:stick":64,"minecraft:cooked_porkchop":1,"minecraft:oak_fence":10,"minecraft:torch":1,"minecraft:porkchop":9,"minecraft:ink_sac":1,"minecraft:diorite":4,"minecraft:white_bed":2,"minecraft:spruce_log":11,"minecraft:rotten_flesh":4,"minecraft:stone_axe":2,"minecraft:granite":2,"minecraft:crossbow":2,"minecraft:gray_wool":1,"minecraft:bread":19,"minecraft:mutton":13,"minecraft:coal":20,"minecraft:white_wool":11,"minecraft:cobblestone":247},"minecraft:dropped":{"minecraft:cobblestone":64,"minecraft:shield":1,"minecraft:white_wool":3,"minecraft:blue_bed":1}},"DataVersion":3953}