{"stats":{"minecraft:custom":{"minecraft:interact_with_furnace":2,"minecraft:mob_kills":13,"minecraft:interact_with_crafting_table":11,"minecraft:leave_game":2,"minecraft:time_since_death":279,"minecraft:sleep_in_bed":9,"minecraft:time_since_rest":326,"minecraft:sprint_one_cm":165523,"minecraft:damage_taken":2396,"minecraft:walk_one_cm":591786,"minecraft:damage_blocked_by_shield":400,"minecraft:drop":5,"minecraft:damage_dealt":2290,"minecraft:swim_one_cm":168,"minecraft:fly_one_cm":249112,"minecraft:player_kills":1,"minecraft:open_chest":11,"minecraft:crouch_one_cm":3288,"minecraft:play_time":118660,"minecraft:deaths":4,"minecraft:sneak_time":1034,"minecraft:walk_under_water_one_cm":5879,"minecraft:boat_one_cm":122702,"minecraft:jump":1483,"minecraft:walk_on_water_one_cm":2236,"minecraft:interact_with_smoker":1,"minecraft:total_world_time":118660,"minecraft:fall_one_cm":40740},"minecraft:mined":{"minecraft:white_bed":1,"minecraft:glass_pane":1,"minecraft:torch":1,"minecraft:powder_snow":18,"minecraft:oak_fence":3,"minecraft:crafting_table":2,"minecraft:granite":1,"minecraft:short_grass":101,"minecraft:grass_block":3,"minecraft:tall_grass":30,"minecraft:cobblestone":14,"minecraft:lapis_ore":4,"minecraft:spruce_leaves":9,"minecraft:diorite":2,"minecraft:blue_bed":2,"minecraft:wall_torch":2,"minecraft:amethyst_block":1,"minecraft:iron_ore":3,"minecraft:spruce_log":8,"minecraft:deepslate_lapis_ore":1,"minecraft:oak_log":35,"minecraft:coal_ore":26,"minecraft:deepslate_iron_ore":5,"minecraft:dirt":11,"minecraft:stone":237,"minecraft:oak_leaves":11,"minecraft:deepslate":2,"minecraft:fern":1},"minecraft:crafted":{"minecraft:oak_planks":100,"minecraft:stone_shovel":1,"minecraft:crafting_table":2,"minecraft:stone_axe":1,"minecraft:cooked_mutton":2,"minecraft:stick":32,"minecraft:stone_pickaxe":3,"minecraft:wooden_axe":1,"minecraft:stone_sword":1,"minecraft:torch":4},"minecraft:killed":{"minecraft:pig":3,"minecraft:sheep":9,"minecraft:zombie":1},"minecraft:dropped":{"minecraft:wheat_seeds":18,"minecraft:cobblestone":64,"minecraft:shield":1,"minecraft:white_wool":3,"minecraft:blue_bed":1},"minecraft:used":{"minecraft:cooked_mutton":2,"minecraft:stone_sword":38,"minecraft:stone_pickaxe":288,"minecraft:stone_shovel":6,"minecraft:oak_planks":10,"minecraft:wooden_pickaxe":16,"minecraft:shield":7,"minecraft:cooked_salmon":2,"minecraft:blue_bed":1,"minecraft:cooked_chicken":3,"minecraft:torch":1,"minecraft:crafting_table":3,"minecraft:white_bed":2,"minecraft:spruce_log":3,"minecraft:granite":2,"minecraft:wooden_axe":54,"minecraft:bread":19,"minecraft:stone_axe":36,"minecraft:wooden_sword":153,"minecraft:cobblestone":3,"minecraft:cooked_porkchop":1,"minecraft:gray_wool":1},"minecraft:killed_by":{"minecraft:zombie":1,"minecraft:pillager":1},"minecraft:broken":{"minecraft:stone_pickaxe":1,"minecraft:wooden_axe":1},"minecraft:picked_up":{"minecraft:wooden_axe":1,"minecraft:crafting_table":4,"minecraft:wheat":4,"minecraft:wooden_pickaxe":3,"minecraft:oak_log":45,"minecraft:amethyst_block":1,"minecraft:shield":3,"minecraft:gunpowder":4,"minecraft:lapis_lazuli":54,"minecraft:raw_copper":40,"minecraft:blue_bed":2,"minecraft:dirt":17,"minecraft:paper":8,"minecraft:wooden_sword":3,"minecraft:cooked_salmon":2,"minecraft:wheat_seeds":32,"minecraft:cobbled_deepslate":2,"minecraft:stone_pickaxe":7,"minecraft:cooked_chicken":3,"minecraft:iron_nugget":8,"minecraft:oak_planks":192,"minecraft:stick":113,"minecraft:raw_iron":6,"minecraft:cooked_porkchop":1,"minecraft:oak_fence":10,"minecraft:torch":10,"minecraft:gravel":8,"minecraft:porkchop":9,"minecraft:ink_sac":2,"minecraft:diorite":8,"minecraft:white_bed":2,"minecraft:spruce_log":16,"minecraft:redstone":3,"minecraft:stone_sword":1,"minecraft:rotten_flesh":10,"minecraft:stone_axe":4,"minecraft:granite":2,"minecraft:crossbow":3,"minecraft:gray_wool":1,"minecraft:bread":86,"minecraft:mutton":24,"minecraft:coal":26,"minecraft:white_wool":19,"minecraft:cobblestone":313}},"DataVersion":3953}