{"stats":{"minecraft:broken":{"minecraft:stone_pickaxe":1,"minecraft:wooden_axe":1},"minecraft:crafted":{"minecraft:oak_planks":100,"minecraft:stone_shovel":1,"minecraft:crafting_table":2,"minecraft:stone_axe":1,"minecraft:cooked_mutton":4,"minecraft:stick":32,"minecraft:iron_ingot":2,"minecraft:stone_pickaxe":3,"minecraft:wooden_axe":1,"minecraft:stone_sword":1,"minecraft:torch":4},"minecraft:dropped":{"minecraft:iron_ingot":2,"minecraft:iron_sword":1,"minecraft:wheat_seeds":18,"minecraft:raw_iron":9,"minecraft:cobblestone":64,"minecraft:coal":13,"minecraft:shield":1,"minecraft:spruce_trapdoor":1,"minecraft:iron_pickaxe":1,"minecraft:white_wool":3,"minecraft:blue_bed":1},"minecraft:used":{"minecraft:cooked_mutton":6,"minecraft:diorite":2,"minecraft:stone_sword":38,"minecraft:stone_pickaxe":288,"minecraft:stone_shovel":6,"minecraft:oak_planks":10,"minecraft:wooden_pickaxe":16,"minecraft:shield":9,"minecraft:iron_sword":50,"minecraft:cooked_salmon":2,"minecraft:cooked_chicken":3,"minecraft:blue_bed":1,"minecraft:torch":1,"minecraft:crafting_table":3,"minecraft:white_bed":2,"minecraft:spruce_log":3,"minecraft:granite":11,"minecraft:wooden_axe":54,"minecraft:bread":25,"minecraft:iron_pickaxe":131,"minecraft:gravel":1,"minecraft:stone_axe":36,"minecraft:wooden_sword":153,"minecraft:cobblestone":34,"minecraft:cooked_porkchop":1,"minecraft:cobbled_deepslate":4,"minecraft:gray_wool":1},"minecraft:picked_up":{"minecraft:wooden_axe":1,"minecraft:crafting_table":4,"minecraft:wheat":4,"minecraft:feather":9,"minecraft:chicken":2,"minecraft:andesite":1,"minecraft:wooden_pickaxe":3,"minecraft:flint":1,"minecraft:oak_log":45,"minecraft:shield":5,"minecraft:gunpowder":4,"minecraft:amethyst_block":1,"minecraft:paper":8,"minecraft:lapis_lazuli":83,"minecraft:blue_bed":2,"minecraft:dirt":17,"minecraft:wooden_sword":3,"minecraft:raw_copper":104,"minecraft:cooked_salmon":2,"minecraft:cooked_mutton":3,"minecraft:iron_shovel":1,"minecraft:wheat_seeds":77,"minecraft:cobbled_deepslate":45,"minecraft:raw_gold":3,"minecraft:stone_pickaxe":7,"minecraft:cooked_chicken":3,"minecraft:iron_nugget":8,"minecraft:iron_pickaxe":3,"minecraft:powered_rail":3,"minecraft:iron_sword":2,"minecraft:oak_planks":192,"minecraft:spruce_trapdoor":1,"minecraft:egg":15,"minecraft:stick":113,"minecraft:raw_iron":30,"minecraft:smooth_basalt":1,"minecraft:cooked_porkchop":1,"minecraft:oak_fence":10,"minecraft:torch":26,"minecraft:gravel":11,"minecraft:porkchop":9,"minecraft:ink_sac":2,"minecraft:diorite":15,"minecraft:white_bed":2,"minecraft:spruce_log":16,"minecraft:redstone":108,"minecraft:stone_shovel":1,"minecraft:arrow":1,"minecraft:stone_sword":1,"minecraft:rotten_flesh":10,"minecraft:diamond":5,"minecraft:stone_axe":4,"minecraft:crossbow":3,"minecraft:granite":19,"minecraft:oak_sapling":1,"minecraft:gray_wool":1,"minecraft:obsidian":14,"minecraft:bread":92,"minecraft:rail":1,"minecraft:mutton":32,"minecraft:coal":32,"minecraft:white_wool":24,"minecraft:cobblestone":365},"minecraft:killed":{"minecraft:pig":3,"minecraft:sheep":14,"minecraft:zombie":1,"minecraft:chicken":1},"minecraft:custom":{"minecraft:interact_with_furnace":15,"minecraft:mob_kills":19,"minecraft:animals_bred":9,"minecraft:interact_with_crafting_table":13,"minecraft:climb_one_cm":787,"minecraft:leave_game":3,"minecraft:time_since_death":29566,"minecraft:sleep_in_bed":10,"minecraft:time_since_rest":11461,"minecraft:sprint_one_cm":216957,"minecraft:damage_taken":3436,"minecraft:walk_one_cm":917304,"minecraft:damage_blocked_by_shield":520,"minecraft:drop":12,"minecraft:damage_dealt":3069,"minecraft:swim_one_cm":3027,"minecraft:fly_one_cm":292924,"minecraft:player_kills":2,"minecraft:open_chest":11,"minecraft:crouch_one_cm":4483,"minecraft:play_time":178718,"minecraft:deaths":5,"minecraft:sneak_time":1316,"minecraft:walk_under_water_one_cm":14453,"minecraft:boat_one_cm":122702,"minecraft:jump":2296,"minecraft:walk_on_water_one_cm":15449,"minecraft:total_world_time":178718,"minecraft:interact_with_smoker":3,"minecraft:fall_one_cm":55242},"minecraft:mined":{"minecraft:white_bed":1,"minecraft:glass_pane":1,"minecraft:deepslate_diamond_ore":4,"minecraft:spruce_trapdoor":2,"minecraft:powder_snow":18,"minecraft:oak_fence":3,"minecraft:crafting_table":2,"minecraft:torch":1,"minecraft:granite":10,"minecraft:short_grass":130,"minecraft:grass_block":3,"minecraft:copper_ore":5,"minecraft:tall_grass":30,"minecraft:cobblestone":16,"minecraft:spruce_leaves":9,"minecraft:lapis_ore":7,"minecraft:diorite":4,"minecraft:blue_bed":3,"minecraft:wall_torch":2,"minecraft:amethyst_block":1,"minecraft:deepslate_copper_ore":4,"minecraft:redstone_ore":8,"minecraft:iron_ore":10,"minecraft:spruce_log":8,"minecraft:andesite":1,"minecraft:deepslate_lapis_ore":2,"minecraft:oak_log":35,"minecraft:coal_ore":32,"minecraft:deepslate_iron_ore":12,"minecraft:gravel":1,"minecraft:dirt":11,"minecraft:stone":290,"minecraft:gold_ore":3,"minecraft:oak_leaves":11,"minecraft:deepslate":16,"minecraft:fern":1},"minecraft:killed_by":{"minecraft:player":1,"minecraft:zombie":1,"minecraft:pillager":1}},"DataVersion":3953}